Age,EnvironmentSatisfaction,JobInvolvement,JobLevel,JobSatisfaction,MonthlyIncome,TotalWorkingYears,YearsInCurrentRole,MonthlyIncomeScaled,EducationField_Technical Degree,JobRole_Laboratory Technician,JobRole_Research Director,JobRole_Sales Representative,MaritalStatus_Single,Attrition_Yes,C0,C1,C2,C3,C4,C5,C6,C7
50,4,3,4,4,17399,32,4,0.8642691415313225,False,False,True,False,False,False,5.005849352259555,-0.3018695093929007,-0.34037840537240227,-0.6797515982292867,-0.21798176718554907,0.2613115418330771,-0.285597025492244,0.9516949651674836
36,2,3,2,2,4941,7,2,0.20734022358152288,False,False,False,False,False,False,-0.7468659101614523,-0.3949504715810542,-0.20933711906193034,-0.24160429181143905,0.8320136592855515,-0.3325980875801813,0.22472281868576052,-0.8698797393413354
21,2,3,1,2,2679,1,0,0.08806159038177601,False,False,False,True,True,True,-3.5395774575457017,3.7841037042610646,-0.6056191338942067,-1.7684473333560637,0.680698889730578,-0.21420763790136038,-0.4130648202214022,-0.23281671206131913
52,2,3,3,2,10445,18,6,0.4975743514026577,False,False,False,False,True,False,1.7908721191625565,0.43567344590840146,-0.8415839829328571,-0.3459238555772875,-0.1491277752422476,-1.0516290647583633,0.8412511556403509,0.5600612481190651
33,2,3,3,3,13610,15,6,0.6644695211980595,False,False,False,False,False,True,1.3533315258197527,1.2182273032558613,0.08100115152929864,0.7503960687496896,0.37608134834880835,-0.2742819079044522,-0.3488080050664181,0.06819163598554313
47,3,2,3,2,10333,28,11,0.4916684243830416,False,False,False,False,False,False,2.531366641442495,-0.4260315013919128,0.1884273183287639,0.7212115442181972,-0.3997805162005993,0.9319109609707975,0.764177344396741,-0.7307328730189521
22,4,2,2,4,4775,4,2,0.1985867960345919,False,False,False,False,False,False,-1.3764607368304815,-0.5966588136671169,0.9108353253362126,-0.6807007475268756,-1.4138565727510268,0.8268408651651468,-0.7741186365521935,-0.7412702810498837
33,3,3,2,4,5368,7,5,0.22985657034380935,False,False,False,False,False,False,-0.5835528936687068,-0.9867906653679973,0.9260455934564749,-0.7222657802848075,-0.2660149015097122,-0.1983823628178067,-0.43643315537740224,-0.28010050350469906
40,3,2,3,4,10855,15,11,0.5191942628137524,False,False,False,False,False,False,1.769176901014097,-0.5738218453115194,1.3498540215892652,0.2078957696175778,-1.137815150404225,0.3701027209033288,-0.35680364879320803,-0.6092346303171412
27,4,1,2,4,5071,8,2,0.21419531744357734,False,False,False,False,True,False,-1.0872322478211756,0.5799580042729086,0.422987545748372,-0.49956819198729446,-3.1776129740985053,0.42449506161633865,-0.4707594195488188,-0.20140970446645914
40,1,3,1,4,2406,8,0,0.07366589327146171,False,True,False,False,False,False,-1.9570312241832994,-1.4534941142571927,0.11078533938438649,1.2346200023346425,0.526935062615425,-2.035364724011451,-0.25479751064840683,0.17208966383640495
55,4,3,3,2,10976,23,2,0.5255747732545877,False,False,False,False,False,False,2.0792321054984075,-0.9186460551521347,-1.0053709750417417,-0.38920795179281725,0.08501785482375014,0.49101066653601894,2.049420226525826,0.28534263144271604
33,1,2,1,2,2313,5,2,0.06876186458553048,False,False,False,False,True,True,-2.295788617979663,2.2917728704796017,-0.7484356170456141,1.0501869965687982,-0.5640723401194642,-1.0886837073873916,-0.05255003226560633,-0.27644419126268294
37,1,2,3,3,10609,17,1,0.5062223159670955,False,False,False,False,False,True,0.7628845799774437,1.699626848252726,-0.04344090077129011,1.5967261800785613,-0.14802678136130865,-1.0153654075700946,0.5967605619014092,-0.7449274776447593
46,4,2,5,2,18789,26,4,0.9375659143640582,False,False,False,False,False,False,4.24537023564351,0.13777726799600706,-0.654072823070734,0.12003848231624817,-0.8024132588419448,1.180171771058408,1.1833703756983969,-0.2411368468003875
38,3,3,2,2,9924,10,8,0.47010124446319346,False,False,False,False,False,False,0.7002107021137993,-0.5785502785836586,0.01190805160368363,-0.3198393503698478,0.5038303712040865,0.6691072253528899,-0.19057901838069244,-0.47765678367791853
30,1,2,2,4,4627,10,2,0.19078253533009915,True,True,False,False,False,False,-1.3975403451180672,0.25734344043527685,3.2072844709999924,2.50236224602955,0.894725199731826,-0.2529929252394775,-0.0456329216486791,1.6102941697640298
36,4,1,2,4,5406,15,12,0.23186036701117907,False,False,False,False,False,False,0.3305769577781783,-0.7688088510765102,1.6115064655623959,0.5361286133654374,-2.2514242463495178,1.4659643576548604,-0.37391738796308305,-1.061385896095
40,2,3,5,2,19833,21,8,0.9926175912254798,False,False,False,False,True,False,4.141728102660142,1.275230579432614,-0.634627911491751,-0.4836631430649384,-0.21130832826614268,-0.6198560682977358,-0.39218358981892865,0.5924532894842839
53,3,3,4,3,14852,22,13,0.7299620333263025,False,False,False,False,False,False,3.734195832239743,-0.7940968792518814,0.5286288113842954,0.015364383103425836,0.03334934177751234,0.2540557681812205,0.4461158326904464,0.13267019483808304
32,4,3,2,2,5470,10,5,0.2352351824509597,False,False,False,False,False,False,-0.480361650995828,-0.8550994870600596,-0.2125496602428734,-0.7501775311225,0.18562306331622014,1.2148748589816882,-0.0976749462938157,-0.30941431473609615
55,4,3,2,3,4035,4,2,0.15956549251212826,False,False,False,False,False,False,-0.4981132914916679,-1.478536233817295,-0.31317969167172244,-0.7267754648450706,-0.19998215394819985,0.1371718545124532,1.570861352654282,0.14170252659041402
30,3,1,2,4,6091,11,4,0.2679814385150812,False,False,False,False,True,False,-0.5223367559647408,0.755441304092459,0.6574250069332155,-0.07653525875771297,-2.861835130319213,-0.15130203358508243,-0.49332766828643204,-0.42631693455225717
23,3,4,1,1,1601,1,0,0.031217042817970886,False,True,False,False,False,True,-3.4431954991478966,-0.10978867892912168,-1.9231340349414026,1.0656869288059476,1.916513116127491,0.5410099673982373,-1.0560654738486144,1.1054959265947388
51,2,2,2,3,6132,10,0,0.2701434296561907,False,False,False,False,False,False,-0.025114967807367234,-0.4185981623870594,0.000260292564401627,0.41996087143230526,-0.41789392988499996,-0.848092997706808,1.5385030005934468,-0.9969218658447783
42,4,2,2,4,6062,8,3,0.26645222526893064,False,False,False,False,False,False,-0.26427213519652315,-0.9714469342260703,0.6106296552472738,-0.3392413990648839,-1.4354157197571618,0.44131914201276945,0.6173927860788639,-0.3950794481056907
20,4,3,1,3,1009,1,0,0.0,False,False,False,False,True,True,-3.3028488366107935,1.2844582764473451,-0.7763720741998674,-0.8132427309357485,-1.0820877976178376,0.2649193590747754,-0.7976777125048383,1.1423808621836522
29,2,1,1,4,2168,6,4,0.06111579835477747,False,False,False,False,False,False,-1.7511737654109332,-0.17154329515251643,1.4608846019217852,0.7043841939384153,-1.5739335041134488,-0.15168473851680236,-0.41522140272038655,-1.879430967861165
43,1,2,4,2,14336,25,10,0.702752583843071,False,False,True,False,False,False,4.288732555573415,1.0027821415288083,-0.012643729089713122,1.0133480920091387,0.7694086452636162,0.006225004628682635,-1.4454421238786863,-1.1318428479945093
40,3,2,2,4,4422,16,1,0.17997257962455177,False,False,False,False,False,False,-0.31814738569826173,-0.7504452717943151,0.6193114439623816,-0.008736661978238549,-1.1427967846708982,-0.3172685752347559,0.865042838918754,-0.6560524320876179
29,2,3,1,4,3131,10,8,0.11189622442522675,False,True,False,False,False,False,-1.6044812481520399,-1.6388146417930456,0.794411533292567,1.04829053935802,0.2284654647006198,-0.6374676111286219,-1.702579338266575,0.2897212297109107
44,3,3,1,2,2342,6,3,0.07029107783168108,False,False,False,False,False,True,-1.754169409054175,0.28360567337329534,-0.7804238053505319,0.5970652930350019,0.5323475077861074,0.27806425345109964,0.9964563907223571,0.06849112859250718
47,1,3,4,3,17169,26,17,0.8521408985446108,False,False,True,False,False,False,5.395486607796059,0.3558818770555135,0.7744548124158828,0.5452463286587507,1.2186229290608537,-0.32983919352046087,-2.1443768277585042,-0.3136084467337635
32,1,3,2,4,5309,10,8,0.22674541236026158,False,True,False,False,False,False,-0.7177053256055662,-1.2576711776550342,0.8560635129035923,1.350836084120233,0.527605768529642,-1.3324747436331486,-1.6550839369996935,0.09363872140178094
38,3,3,1,1,2619,8,0,0.08489770090698166,False,False,False,False,True,False,-1.7072944230652027,0.2579191348645855,-1.571118558543191,-0.9428464546592159,-0.0038625920008683364,-0.11359224769685136,0.6062583454742125,0.25024393402620465
58,4,1,2,3,5660,12,3,0.2452541657878085,False,False,False,False,False,False,0.3568843294961659,-0.7904089069833953,-0.0012656334351378632,0.6463173509374099,-1.8904512226611565,0.7858628055468737,2.101955032133937,-0.879313063644533
45,2,3,3,4,9380,10,1,0.441415313225058,True,False,False,False,False,False,0.682059872719761,0.39982192361618846,3.0908151681093456,0.362770893993625,1.2145600274468138,-0.25702894455599895,1.7009932371013157,1.8359232507780983
56,3,3,4,4,11103,30,7,0.5322716726429023,False,False,False,False,False,False,3.2086892286916964,-1.1060692516724167,0.49840843451741224,-0.09593853498352217,-0.4004180997607616,-0.6366354364660209,1.484445442067585,0.4148383655763907
37,3,1,2,4,9525,6,3,0.44906137945581104,False,False,False,False,False,False,0.12059602687763553,-0.08608479268875302,0.9714866276163118,0.438940500417256,-1.9440466173938928,0.27965796782931585,0.1334495567007146,-1.3207995065228122
39,1,4,3,3,7880,9,7,0.36231807635519936,False,False,False,False,True,False,0.5580311366984102,0.27658686809463273,0.02073309575388022,-1.03090957444619,0.6600488810214125,-2.034263022905676,-0.6946319286923031,0.6896569217218228
54,3,2,3,3,10686,13,4,0.5102826407930816,False,False,False,False,False,False,1.6425141902602032,-0.5079571920105288,0.04335254371694796,0.2851861048494819,-0.7687089285790729,-0.008044142461712788,1.3949676010438188,-0.5538227605195792
32,4,3,1,3,4025,10,7,0.15903817759966254,False,True,False,False,True,False,-1.580707675991027,-1.017151471947463,-0.6997320178995197,0.05175608631495852,-0.950187596846618,0.27636001997085047,-1.3854192952933624,1.7839081673634583
48,1,3,3,3,12504,15,0,0.6061484918793504,False,False,False,False,False,False,1.6738694563562406,-0.07612531597135691,-0.09457861463362655,0.09457405958477458,0.6806849791677432,-1.734703500842668,1.084881985581446,-0.591433214195079
33,3,4,2,2,5488,6,5,0.23618434929339804,False,False,False,False,False,False,-0.6339126852541607,-0.9767985315307874,-0.2335931882770951,-1.1040707484522523,1.3525393656865106,0.23742628054683487,-0.3534255818750458,-0.05411164550168095
31,2,1,2,3,6172,12,7,0.27225268930605356,False,False,False,False,False,True,-0.5084907473200234,1.4913429721421894,0.6739089143174812,1.9616266060110963,-1.2268579415960341,0.47377202840529076,-0.2401489216403465,-1.2938760459043444
46,2,3,3,1,10453,24,13,0.4979962033326303,False,False,False,False,False,False,2.445523643831024,-0.3716882539459072,-0.12929573606904554,0.5127430860360012,1.1681108127868078,0.5124481346266231,0.27806387333394633,-0.6894649768179016
38,4,3,2,4,5745,10,2,0.24973634254376714,False,False,False,False,False,False,-0.4080066323767317,-1.247346404419641,0.4217067955564374,-0.9892375500195073,-0.6147137202554086,0.122457669385012,0.3902640955380966,0.14851067678344973
38,4,3,2,2,4440,16,13,0.1809217464669901,False,False,False,False,False,False,0.30529504434563,-1.243879497934541,0.3377018995241085,-0.35721677497770077,0.19609364991050035,1.5747981744372404,-0.2764181109770008,-0.2271405264232491
43,4,3,2,4,7847,10,9,0.36057793714406244,False,False,False,False,False,False,0.5436804288714846,-1.4111957763613203,0.8831055430060198,-0.7387237051630898,-0.5963057525523908,0.47971740021649945,-0.01953654423341851,0.2072071095965538
37,2,3,1,4,2326,4,2,0.06944737397173592,False,False,False,False,False,False,-1.7037014548674783,-0.9854277534169181,0.8211897618588989,-0.4751555260016454,0.08134519193570226,-1.119652080223595,0.058743740704968316,-0.605053960741866
30,3,2,2,4,4152,11,10,0.16573507698797724,False,False,False,False,False,False,-0.3876726603716014,-0.7658078675063246,1.5654028611830273,0.04080590015983369,-1.0857026755212924,0.5061743132980309,-0.8869563741341978,-0.9144302022722678
39,3,2,4,2,17123,21,9,0.8497152499472685,False,False,False,False,False,False,3.410209105085379,0.24279501067605389,0.0818814876786827,0.4103634758160189,-0.41781557659586754,1.039432619011135,0.001443065361445497,-0.7796141662742406
43,1,2,5,3,19392,21,12,0.9693630035857415,False,False,False,False,False,False,4.551288844330765,0.5983246810590483,1.0191639697600623,0.9828735323628817,-0.17734376009705793,-0.5000403080661875,-0.39386484175475645,-1.106229153761731
27,4,2,2,1,6811,9,6,0.30594811221261337,False,False,False,False,True,False,-0.5153217413539777,0.7480775032475431,-0.9348452124734494,-0.6328302395604857,-1.1633074042918885,1.5064711989078996,-0.6604410770483946,-0.1313636924136107
42,3,2,2,3,6244,10,4,0.2760493566758068,False,False,False,False,True,False,-0.1859516882685384,0.3459385290015415,-0.21413970858951767,-0.41725891775215335,-1.6403048692368871,-0.3649299704325815,0.31912359694044173,0.15010606838374854
31,1,4,1,3,3978,4,2,0.15655979751107363,False,True,False,False,False,False,-2.0492455556866003,-1.4058539073387406,-0.2417750634175206,0.6238213139632846,1.7693668901009592,-1.6326794705335437,-1.2497020834247863,0.4167450606315645
39,4,3,1,1,2404,8,2,0.07356043028896857,False,True,False,False,False,True,-2.3441222741218617,-0.3473908303864447,-2.0556864297115003,1.7375426809430405,0.7380617784629702,1.2652587697013937,0.26205603061001426,1.1292519717049183
29,4,2,4,4,16124,9,7,0.7970364901919427,False,False,True,False,False,False,3.150382555380417,0.41694274672274884,0.5645183536568195,-0.5948252371164579,-0.941123799774916,1.3287300882981632,-2.5989180446191678,-0.20430827887311648
49,3,3,5,1,18665,22,2,0.9310272094494833,False,False,True,False,True,False,4.830026965892253,1.6502901567973645,-2.3536005103611273,-0.8148209638114164,0.3757724471582118,0.08910487267890851,-0.5179033582671466,1.0803325810740951
38,1,2,1,1,2858,20,0,0.09750052731491247,False,False,False,True,True,False,-1.6127427619844565,2.8434805593936394,-0.7471597318131705,-1.2491211338264667,0.4979967291720879,-0.6695773224902406,1.312637804369833,-1.4481036329849157
42,1,3,4,4,15992,16,0,0.7900759333473951,False,False,True,False,True,False,3.3876900971241986,1.5822830901780238,-0.5418027747157376,-0.788314027637742,-0.1151518844259639,-2.293317408790197,-1.4348759424075124,0.7814926360165797
34,4,3,3,3,8628,9,7,0.4017612318076355,False,False,False,False,False,False,0.6112589911470369,-0.8707539893042415,0.36707177709238153,-0.8305608645439633,-0.22304589596641672,0.9341938581290832,-0.39927113090161803,-0.055209092452763106
36,3,3,2,4,6586,17,8,0.2940835266821346,False,False,False,False,False,False,0.41218929161190215,-1.091079238530093,1.0594575723356991,-0.46220009574552795,-0.2957873195413868,-0.09681237266326757,-0.26455629290050725,-0.13836542051432435
27,3,3,2,4,4342,5,2,0.175754060324826,False,False,False,False,False,False,-1.2343101108240306,-0.8386267839110229,0.8057198820429831,-0.9082852434252262,-0.2649448433027103,-0.2595987096378239,-0.5882300076982243,-0.3837278847621498
40,3,1,3,1,10932,20,0,0.5232545876397384,False,False,False,False,False,False,1.3514293528023682,0.5780007402151419,-0.9023720432684634,0.9210977619128566,-0.8493235654382894,1.119937466464717,1.3559604828242378,-1.5885068740866806
34,4,2,3,3,7083,10,9,0.3202910778316811,True,False,False,False,False,False,0.37060699223832083,0.3611919056786809,3.3571314761675954,0.5890316707442776,0.17348585496937516,2.4808235258060534,0.5974172862692709,1.4374516319194321
43,3,3,3,1,9985,10,0,0.4733178654292344,False,False,False,False,False,False,0.7628868389913008,-0.21410671202523107,-1.2366416488331213,-0.3772484285283648,0.8480406747442722,0.4139685013910062,1.0693266126578362,-0.4957953219051216
31,1,3,3,4,10793,13,7,0.5159249103564649,False,False,False,False,False,False,1.1695739033610937,-0.164668028070529,1.3113569798244349,-0.06997630567082845,0.3333103650049413,-1.2877494935537674,-0.9459933797179606,-0.75747910046572
41,4,3,1,4,2782,12,3,0.09349293398017296,False,False,False,False,False,False,-1.070138335928251,-1.5782940249281252,0.4928896730199417,-0.8625477765726748,-0.5933402005160948,0.10211048148428978,0.6511433672362046,0.13471054265322366
31,4,1,2,1,5003,10,8,0.21060957603881042,False,False,False,False,False,False,-0.41558314962630233,-0.036641643260483636,-0.09233445207799729,0.6385735177926898,-1.0669028797809532,2.4799459750893997,-0.11545358959754273,-1.6846086841572139
45,2,3,2,3,5399,12,2,0.23149124657245307,False,False,False,False,True,False,-0.24925799277655517,0.16866428909745698,-0.44867617241928665,-0.7105632908870875,-0.5007182252867152,-1.5430073383679357,0.6063583830303212,0.49508325491004984
33,2,2,2,4,4682,9,7,0.19368276734866063,False,False,False,False,True,False,-0.5876931021790146,0.4404670463948102,0.8646970038827817,-0.2847452286826904,-1.6865667940806204,-0.9938314758042126,-0.8131816386830367,-0.16109377182691068
36,3,4,2,4,2571,17,2,0.08236658932714618,False,True,False,False,False,False,-1.1303073220386952,-2.1982135404408893,-0.16910478140030527,0.17002865732597758,0.6695416788531612,-0.9164240929396751,-0.4148463674162919,1.4036168250140937
33,2,4,1,2,2028,14,11,0.053733389580257335,False,True,False,False,False,False,-1.3167817027448723,-1.8618686478497815,-0.18800145449304914,0.8803352805661464,1.8431356620628956,-0.12028641668725608,-1.459596757844954,0.5878161318333481
31,1,3,1,3,2911,5,2,0.10029529635098079,False,False,False,False,False,False,-1.7255652787381102,-0.41611388106964015,0.5650870210668679,-0.13618942054459673,0.7940287025509712,-1.2384532588971284,-0.32874060099493235,-1.1490196335335772
19,3,1,1,1,2325,1,0,0.06939464248048935,True,False,False,True,True,True,-3.8228562613086634,5.464508049668582,1.764177598823364,-0.025017239549167635,0.3100391284743948,2.6095068097887104,0.9050850743185398,0.7967852367575314
32,2,4,1,2,2794,5,1,0.09412571187513182,False,True,False,False,False,False,-2.2662280209941112,-1.5286883866988579,-0.9729577299416095,0.45567583626303426,1.8350606424872649,-0.7128270925059328,-0.8087357452164692,0.5583844597413362
36,1,3,2,4,7779,18,9,0.3569921957392955,False,False,False,False,True,False,0.647447314409601,0.344517602285036,0.8683659327419573,-0.38597129852521855,-0.5699888999738028,-1.9112851004764742,-0.8279289391386913,0.2838478490101395
37,3,3,2,2,4071,19,0,0.16146382619700483,False,False,False,False,False,False,-0.404014434527955,-0.6929424306367851,-0.5819062604735288,-0.39830073344119243,0.45991747866200383,0.10349518329858656,0.9684525129238324,-0.43474990410547804
29,2,2,1,1,2319,1,0,0.06907825353300992,False,True,False,False,False,True,-3.1032348597618746,0.7646015641029841,-1.5462142702861439,2.6303900186268656,0.5765713129518046,0.4446487738215129,-0.5186725317022908,-0.25798374803698465
29,3,3,1,4,2514,11,5,0.07936089432609154,False,False,False,False,False,False,-1.4024510646126174,-1.1532601743349549,1.0243191436461112,-0.6873800231427329,-0.25380165907452024,-0.13431637041427213,-0.5115579942529942,-0.36915956608046474
41,2,1,5,3,19973,21,16,1.0,False,False,True,False,False,False,5.77455797010379,1.2228177773634445,0.9632493290886559,1.246489130927972,-0.7725586495254233,1.0695801536616614,-2.3796923406686994,-1.2368962005618205
30,3,3,2,4,6347,12,9,0.28148070027420374,False,False,False,False,False,False,-0.008757092530239279,-0.990267051293068,1.272002614506763,-0.5834499379036792,-0.27098440501911714,0.11742212874804332,-0.9293325951690498,-0.2862419410768972
39,3,3,3,3,13464,9,3,0.6567707234760599,False,False,True,False,True,False,2.2388370483114133,1.070042847919195,-0.9630141263341303,-1.2791179662800911,-0.306523514991835,-0.36324913276510734,-1.7738978905260119,1.011176311550697
22,3,3,1,1,2398,1,0,0.07324404134148914,False,True,False,False,False,True,-3.327887959669082,0.3092922471620536,-1.7475139655678873,1.6483076175502465,1.0847628234457456,0.9021120682264548,-1.0340374011314757,0.5213643108721301
31,3,1,2,3,4345,6,4,0.1759122547985657,False,False,False,False,False,False,-0.94013600337454,-0.07576467935892389,0.7447667482061473,0.5302188573596398,-1.528171865396924,0.8286951899076761,-0.13611785113786526,-1.6622789098962343
45,4,3,4,4,17650,26,3,0.8775047458342122,False,False,False,False,False,False,3.577817496532154,-0.6803100876698186,0.12007915051638483,-0.7318599232263904,-0.7425931981835396,0.037483405161691755,0.912578009037609,0.632114509685341
42,1,3,2,3,4556,19,4,0.1870385994515925,False,False,False,False,False,False,0.12277453204614962,-0.5610025143491182,0.4512102996350924,0.2401472826526879,0.7258021575216376,-1.3976212726645836,0.6024038301162784,-0.807785809645275
31,3,2,3,3,8943,10,9,0.41837165155030587,False,False,False,False,False,False,0.7669868411230255,-0.24578727247197268,0.8961477538950643,0.08827826201841774,-0.7251364260329644,0.8282470915355356,-0.7707854285481717,-0.9790827457236722
51,4,1,2,2,5482,13,1,0.23586796034591861,False,False,False,False,False,False,0.02946472175661655,-0.43363251881874026,-0.5437382041080571,0.6301530416523186,-1.5059565521032021,1.1896417936774517,1.9596952702030228,-1.13543410495355
34,4,2,2,1,5343,14,9,0.228538283062645,False,False,False,False,True,False,-0.1280410609516911,0.44200205995152614,-0.8054667058329684,-0.3783461763657321,-1.1673786602135539,1.5195996411031973,-0.2826062729159445,-0.018551461515310758
33,4,3,4,3,17444,10,8,0.8666420586374183,False,False,False,False,True,False,2.5290055460445697,0.5785600418032528,-0.2291437414162005,-1.4014389199228179,-1.184716902983134,0.45313025737233315,-1.0621642996778353,1.0910773982883024
40,2,3,2,2,5677,15,8,0.24615060113900022,False,False,False,False,False,False,0.27316532007865424,-0.610698677810294,0.1724153247932625,0.08909208291742984,0.822339010664343,-0.054210640255800274,0.11845394503466655,-0.7593286325573941
33,4,4,3,3,8380,10,8,0.38868382197848556,False,False,False,False,False,False,0.6426687509855216,-1.2490860517659894,0.29577573478279334,-1.3999908964798198,0.6077811570634027,0.6825966650727042,-0.6481143708565353,0.5108077321150983
34,2,3,2,3,5714,6,5,0.24810166631512343,False,False,False,False,False,False,-0.532014875743429,-0.5642169310326369,0.5619110879458291,-0.3187470423807507,0.45240019778944984,-0.4674604271315673,-0.38363299602850665,-0.7442573446898225
34,2,3,1,4,2691,10,9,0.08869436827673487,False,False,False,False,False,False,-1.0078414032614191,-1.0968870424400579,1.4214820207715522,-0.2352834670938534,0.08634175883590299,-0.6159463920270104,-0.6904944337385372,-0.629141997396268
30,2,4,3,1,11416,9,7,0.5487766294030796,False,False,True,False,False,False,1.955077817881856,0.37441575349300255,-0.905496874948529,-0.8124571382549985,2.574428422629294,0.4939254389075384,-2.4608405322613387,-0.24532604621797466
45,4,3,2,1,3633,9,8,0.13836743303100613,False,True,False,False,False,False,-0.7446698454456021,-1.7915678656923608,-1.2729600311836005,0.994925901449593,0.7412828797245522,1.425295993026443,-0.09886711424106101,0.6334769440164548
37,1,3,3,2,8834,9,5,0.41262391900442946,False,False,False,False,False,False,0.6657866113734922,0.03460216813772518,0.09966628006778214,0.13842481689589461,1.1304653728043303,-0.7841827384402533,-0.15790133756075078,-1.0703787353365728
31,4,3,2,4,7547,13,7,0.3447584897700907,False,False,False,False,False,False,0.1490961251799124,-1.1458010600239323,0.9154779369408169,-0.9077779842166538,-0.6099476927563744,0.6042867844754238,-0.5663537799459961,0.06884974020724251
32,4,3,1,4,3068,8,7,0.10857414047669268,False,True,False,False,True,False,-1.843954689722459,-1.2389006529115263,-0.18004720524152787,-0.08849344824678254,-1.3326960249446929,-0.10546320140347834,-1.5336883720515724,1.9236799791577819
30,1,3,1,3,2132,7,2,0.05921746466990087,False,False,False,False,False,True,-2.1909221765629114,0.8816057245447815,0.17195477918675114,0.8641590662242954,0.7839099769618031,-1.1335343092176968,-0.15556514044112585,-0.5523054888075384
33,3,4,2,1,5376,10,3,0.23027842227378192,False,False,False,False,False,False,-0.5811033114404096,-0.7676514813101588,-0.9111989508595015,-0.9856909505018784,1.7235938935975765,0.47559995878326866,0.08423951101764103,-0.176368579769743
38,3,3,3,3,7861,10,0,0.36131617802151444,False,False,False,False,True,False,0.1212596681230172,0.3365734556665985,-0.67564393337686,-1.2052037016107164,-0.8462918262044078,-0.8666750224987402,0.2715953375538444,0.7498689280013414
41,3,3,2,1,3072,17,0,0.10878506644167897,False,False,False,False,False,False,-0.5682632241939217,-0.638865495616758,-1.1216811439156196,-0.25296618923543057,0.8620851163172787,0.3979723107344001,1.3326580707626465,-0.5831431701867973
51,1,1,3,4,10650,18,2,0.508384307108205,False,False,False,False,True,True,1.2030930711536534,2.487969148494517,-0.09053394312059095,1.7659526215040082,-2.292104342554545,-1.9268284930520654,1.236517658177419,0.060868774164767624
38,1,2,2,1,6288,13,3,0.27836954229065597,False,False,False,False,False,False,-0.06819110377562883,0.36931295470923114,-0.3837351759023062,0.8978087050768866,0.6957678133664997,-0.24284592727927679,0.5410958511259308,-1.8225938414036544
27,2,2,2,3,3540,9,8,0.13346340434507487,False,False,False,True,False,False,-1.3954573199967921,1.5105173073659104,1.534579698434361,-1.329982792818898,0.3621694203789041,0.6137898226551609,-0.48677933939424717,-2.087404629944264
53,4,3,4,4,14275,33,9,0.6995359628770301,False,False,True,False,True,False,4.767062181849611,0.26958961017524474,-0.4820100734512169,-1.0110035316490273,-1.1101491750298877,-0.11612016740264156,-0.737832490316274,1.932488434673295
30,4,3,2,3,5301,4,1,0.226323560430289,False,False,False,False,False,False,-1.1070846427250103,-0.8853171460424785,0.01487195111710898,-1.0894310014270825,-0.1997203489489322,0.6359930495490499,-0.12303307809856787,-0.20212513264113605
30,2,3,1,4,1081,1,0,0.0037966673697532177,False,False,False,True,True,True,-3.528674561003162,3.1621723182053727,0.2556971369581764,-1.8750690742302458,-0.10287989674900003,-1.1898296563098256,0.03403657568504761,0.2235376841002422
30,4,1,1,3,3833,7,2,0.1489137312803206,False,True,False,False,False,False,-1.9969883959841146,-1.0559933115711002,-0.17163857108338543,1.583511599709791,-1.6990480043034395,1.2856260109757218,-0.605233564710281,-0.41051083511219805
58,4,3,5,1,19701,32,8,0.9856570343809323,False,False,True,False,False,False,6.266146279418393,0.18276188244912037,-1.6713420478796768,-0.14129865808448672,0.9499949507511123,1.4995747209125132,0.14559139818187813,0.5863216493656226
34,2,4,2,4,9725,16,1,0.45960767770512556,False,False,False,False,False,False,0.45408605857302875,-0.8314294674707318,0.4461293692765332,-1.023435645828069,0.8239229144838589,-1.4538493956245038,-0.02108967753586556,0.19162521571735197
51,3,3,2,4,4936,18,7,0.20707656612529002,False,False,False,False,False,False,0.5726530182252636,-1.456913928793622,0.7395197396324849,-0.27050851215204286,-0.30281153473474953,-0.5091766053711403,0.9665027734589288,0.07547630420246772
39,3,3,4,1,17068,21,9,0.8468150179287071,False,False,False,False,False,False,3.387784628232999,0.06120875755347463,-0.583856733154172,-0.07267920140857913,0.8047506076115766,1.0879467296240362,0.0038943703844997366,-0.3729229989469127
36,2,3,3,4,9980,10,3,0.47305420797300146,False,False,False,False,True,False,0.6450974294586064,0.4753842771617182,0.21948625360559398,-0.9847530008305768,-0.910656777684724,-1.631806557804608,-0.4369063545315627,0.603923656762428
32,3,2,2,2,5228,13,12,0.22247416156928917,True,False,False,False,False,False,-0.06863448998463244,0.5574064775147181,3.312664906459547,1.1210186393172896,0.9132005154826605,2.4527983390873294,0.3256238264186765,0.8890441419069367
56,1,3,1,3,2942,18,4,0.10192997257962456,False,False,False,False,False,False,-0.16861700116984207,-1.010211888203619,0.24156659948144715,0.4338327897644945,0.7461149371017233,-1.7089383946505474,1.6139037930025653,-0.6638926483642
57,2,4,2,3,4900,13,9,0.20517823244041344,False,False,False,False,False,False,0.6255103337358405,-1.5483609549933717,0.3079948609547803,-0.40053560437546043,1.2669044397521487,-1.081845163558832,0.9480116056060828,0.2076761760951859
57,1,2,4,4,14118,32,0,0.6912571187513183,False,False,False,False,False,False,3.498377707946402,0.03536724914450137,0.3137779333039442,0.9152142192778248,-0.6277746995232248,-2.038885920598398,2.1653040107273895,-0.6449397410565976
40,4,2,1,4,2342,5,2,0.07029107783168108,False,False,False,False,True,False,-1.7137161138115014,-0.25770958452408355,0.08617551597994244,-0.9418000291312475,-2.3165706689145367,-0.198531750151054,0.3272575180004938,0.4727580508735086
23,4,3,1,1,1790,1,0,0.04118329466357308,False,False,False,True,False,True,-3.5566505051170494,2.4753728526149628,-0.8708669781823902,-1.661301741184154,1.3463906641644265,2.002046756564112,0.32659755125105044,-0.7909504628814269
53,2,4,3,4,7005,11,3,0.31617802151444846,False,False,False,False,False,False,0.8113874394451381,-1.298531827839309,0.3482297025129724,-0.7919958222051099,0.8364732280340285,-1.7526311173124818,1.02886991227515,0.39978704333101683
38,4,2,1,2,2440,4,3,0.07545876397384517,False,True,False,False,True,False,-2.2262095343295814,-0.5645306341681391,-1.407871185399997,0.657209502403095,-1.3771006597669193,0.610176800405316,-0.46588202254893407,1.0617393516655882
36,3,3,1,2,2143,8,2,0.059797511073613155,False,False,False,False,False,False,-1.6010008300445981,-0.8716501290042248,-0.31732478425159105,-0.4873458791412521,0.5302905620278877,0.28838735799635373,0.43471333570069,-0.6284650256763736
29,2,3,3,4,7918,11,10,0.3643218730225691,False,False,False,False,False,False,0.6551381384032242,-0.5807072963526482,1.4997535752660338,-0.3168370967680375,0.03897717469329376,-0.423899993419656,-1.2776234464137943,-0.5661840158634692
38,2,1,3,3,13206,20,16,0.6431659987344442,False,False,True,False,False,False,3.6483329212858737,0.7645524526139023,1.130449899983095,1.2585062203067778,-0.7135995393139358,1.1109307602402896,-2.4154672368120766,-1.4459124063251567
47,1,3,3,3,8633,25,14,0.4020248892638684,False,False,False,False,True,False,2.172766167681646,0.2883137794287673,0.5516734745557362,0.09429776062276782,-0.2056683572356768,-1.4733310955167882,-0.2700757487818388,0.35181931865042926
32,4,3,2,3,4883,10,4,0.20428179708922167,False,True,False,False,False,True,-1.492811856704361,-0.4056553813509983,-0.827824841268213,1.4687930363721924,-0.06921128872613241,0.7874188567107262,-0.6813035109624639,1.4443560928514918
36,2,2,2,2,6499,6,5,0.2894958869436828,False,False,False,False,True,False,-0.4589881046215503,0.8904584379944773,-0.3597356125126736,-0.12026099303864048,-0.9045094603829678,-0.4035031099872049,-0.3081227784620713,-0.4546635918543819
49,1,2,2,1,4284,20,3,0.1726956338325248,False,True,False,False,True,True,-0.7126990300511731,1.5735425182983118,-2.1600645382707757,2.9727596045925266,-0.10381838562765958,-1.1131669184171047,0.7182370332194503,0.9660146818272615
34,3,2,1,1,4381,6,5,0.17781058848344233,False,False,False,False,True,False,-1.3127912127377452,0.6715369601233655,-0.9351577451887312,-0.2935559629796805,-0.8112471360661291,0.6523980865905205,-0.1719829079077509,-0.4162418086517371
39,1,3,2,3,4534,9,7,0.18587850664416788,False,False,False,False,True,False,-0.4228055258231777,0.375559058987819,0.2466846293623151,-0.39850174351453266,-0.14236185015748035,-1.714532399265785,-0.47925930048234067,0.03203400124415664
30,3,2,3,3,8474,12,8,0.3936405821556634,False,False,False,False,True,False,0.5685349861628617,0.6854983920859794,0.2787966158416872,-0.46183873829767846,-1.6515165035448773,0.16251383659914648,-0.9416513530903005,0.02877533700299091
51,2,3,3,2,10596,14,2,0.5055368065808902,False,False,False,False,False,False,1.4689196070961212,-0.3429811021628383,-0.5908208005385702,0.011402527218204842,0.7669431831424905,-0.6617789654154547,1.3246243260301391,-0.4696835291554107
60,1,3,2,1,5405,10,2,0.2318076355199325,False,False,False,False,True,False,0.11637441543703622,0.4742209142832597,-1.539988340539083,-0.019309000732739914,0.6107380099419792,-1.7393551833383487,1.7395354357423316,0.04909976030236792
50,2,3,2,3,6728,12,3,0.3015713984391479,False,False,False,False,False,True,-0.06811606318320391,0.5183275749924668,-0.33675294697238695,0.8974302646715835,0.4084752366130898,-0.873361027752893,1.2585686770698468,0.1808261528588909
45,4,3,1,4,2132,8,4,0.05921746466990087,True,False,False,False,False,False,-1.3430147105920611,-0.6982441530526643,3.1679303406122066,-0.09399715075233436,0.6426704319934238,1.1836123525447777,1.744661859034595,2.2363525656057335
56,4,1,3,4,7260,37,4,0.3296245517823244,False,False,False,False,True,False,2.1733904367274177,0.050559909125127894,-0.076749988432387,0.3250759662601268,-3.308104375698856,-0.18328716576526882,2.1569782568661098,0.5618173304450275
46,4,3,3,4,8578,12,8,0.39912465724530694,False,False,False,False,False,False,1.194669979135723,-1.3288190700677567,0.7261220131970876,-0.7182611806135567,-0.626837507730132,0.3389608330456787,0.3203012173012441,0.31749071261206924
42,2,3,1,2,2766,7,3,0.09264923012022781,False,True,False,False,False,False,-1.736163905628416,-1.4290352339093506,-0.8168286639808753,1.2713256935952613,1.0028312422874184,-0.47827723762982877,-0.13231140825084645,0.13165246284233842
60,3,1,3,4,10883,19,0,0.5206707445686564,False,False,False,False,False,False,1.938632332549539,-0.36225489053168325,0.2446136338467246,0.8205673923687785,-2.03096400693713,-0.47000652960741507,2.3918371898439372,-0.7848855223695876
53,3,2,3,4,10169,34,7,0.48302045981860364,True,False,False,False,False,True,2.2328877358866968,1.4930746415940284,2.9389753277643416,2.265325182058127,-0.013276381712641727,0.9411215197333581,2.719064576403039,2.4877644378752115
39,1,3,2,1,5151,10,0,0.2184138367433031,False,False,False,False,False,False,-0.5760342990666936,0.015922883445788013,-0.7896220908789151,0.1902786245726457,1.527966211624607,-0.7908928438873288,0.7418732565529507,-1.2539403752502383
48,4,2,5,2,19665,29,10,0.9837587006960558,False,False,True,False,False,False,5.931099092111226,0.5223634068190539,-0.6523147872427951,0.22370776063451578,-0.2503376017235307,1.8133408723302336,-0.8489852327954899,-0.011558125787715865
37,3,3,2,4,6502,7,4,0.2896540814174225,False,False,False,False,False,False,-0.316918107084433,-0.9848886543967366,0.756018389365204,-0.7032596502614534,-0.2749421487600565,-0.3453443644526585,-0.08435124330980762,-0.19871070434386864
41,4,3,2,4,5467,12,2,0.23507698797722,False,False,False,False,False,False,-0.26376451138558127,-1.328676577551398,0.36548325505813584,-0.9198346960977714,-0.622058120587799,0.04711810033104139,0.6681387448084933,0.2086401648850728
21,1,3,1,4,2610,3,2,0.08442311748576249,False,False,False,True,True,False,-2.899322795408254,2.284831384361898,1.1073265614982148,-2.607532961163806,0.22458907098236205,-1.5865492152708593,-1.040472393427745,-0.7834222909772821
32,2,3,2,4,4403,8,2,0.1789706812908669,False,False,False,False,False,False,-0.899093288237135,-0.7038116316427664,0.8548934376413878,-0.5099978534923695,0.04561845747493118,-1.0159511018339884,-0.24262546476396532,-0.5799967449174886
37,4,2,1,3,2090,7,0,0.057002742037544823,False,True,False,False,True,True,-2.7360229435556436,0.645776238096619,-1.5657295731917313,1.4696159432122429,-1.7967735949662904,0.13639272021639615,-0.08709106733304606,1.8669062635726181
45,1,3,3,1,5210,24,9,0.2215249947268509,False,True,False,False,False,False,0.7944594449302211,-0.9699581167427671,-0.8342947701478445,2.0834692865926154,1.639410251937334,-0.463742765578418,-0.09104836300020644,-0.073736407202363
41,4,3,3,4,13591,16,0,0.6634676228643747,False,False,False,False,True,False,1.5322857698447214,0.1283001732542585,-0.49935296592129624,-1.5149186070618548,-1.6042496841250733,-0.6659904158171616,0.48531248301333724,1.4088566276624002
42,2,4,2,2,2372,18,0,0.07187302256907825,False,False,False,False,False,False,-0.5891129199068004,-0.99319534724222,-0.6579928784888914,-0.6481846240670316,1.620272940391409,-0.9839286314724832,1.1291789671459356,-0.11505824589825885
42,3,3,2,2,6825,10,7,0.3066863530900654,False,False,False,False,False,False,0.210092188473645,-0.7936288369073278,-0.09081943143721455,-0.27975260213814096,0.5088714309961976,0.49581622395256925,0.2750759372138348,-0.4563157449448398
24,4,3,1,2,2033,1,0,0.05399704703649019,False,False,False,True,False,False,-3.0774357875216367,0.9642656002002175,0.017454842794394073,-2.746788054317114,0.9580795013850086,1.504142775225688,0.11211631781778042,-1.2021376776164365
33,1,3,2,1,8224,6,2,0.3804577093440203,False,False,False,False,True,True,-0.8146953973004766,2.50027945346703,-1.5151868147585985,0.5357186755483626,0.6191736992167481,-1.0131443474082265,-0.1923615764299032,0.2542720686068582
43,4,3,2,4,5562,12,2,0.2400864796456444,False,False,False,False,False,False,-0.1847668185766865,-1.3641207968913747,0.3294778673772865,-0.8940316438636012,-0.6230353751256777,0.003228845195053032,0.8064474253718019,0.2394423041560006
38,3,3,1,3,2684,3,1,0.08832524783800887,False,False,False,False,False,False,-1.7459336771945417,-1.0226110963178312,0.07439202344531493,-0.6795844229814879,0.14921666994701013,-0.18331835479308506,0.3992081673989178,-0.46143139485054263
33,4,3,2,3,6388,14,0,0.28364269141531323,False,False,False,False,True,False,-0.49965350286684,0.018663015470001928,-0.7318114130800523,-1.4803280353187023,-1.1616269826758405,-0.13658308844288483,0.18258584155451307,0.9662808575235432
53,1,2,3,4,10934,35,2,0.5233600506222316,False,False,False,False,False,False,2.6902715445532785,-0.1935165306460237,0.5877644306950445,0.9932389039455365,-0.603124107683602,-1.8433171801505073,1.8678835967886827,-0.7614139868618571
43,3,3,3,1,10820,18,7,0.5173486606201223,False,False,False,False,False,False,1.7367124863269634,-0.3685542261922687,-0.704465250604378,-0.07169860486015202,0.8432245460917289,0.8469871345484018,0.5778939552952289,-0.4491428445188599
42,4,2,1,1,2593,10,6,0.08352668213457078,False,True,False,False,False,False,-1.4760608552214092,-1.4684222717406696,-1.202395021428097,1.5349399572687348,-0.07909007229302202,1.6925346910857406,0.07449788564233223,-0.01288125019712316
29,2,1,1,1,2119,7,7,0.058531955283695425,False,True,False,False,False,True,-2.411530215671617,0.9217803463451343,-0.8176377428589156,3.512217932750454,-0.24701553930925602,1.212024707987519,-0.9276245060478948,-0.8266155821092934
29,2,3,2,3,4335,11,7,0.1753849398861,False,False,False,False,False,False,-0.5610317403997634,-0.5994455059324197,0.8138366567184356,-0.2502619483047536,0.4481601909977445,-0.251952627962108,-0.7525390630060445,-0.800515399911251
37,2,3,1,2,3022,8,0,0.10614849187935034,False,False,False,False,False,False,-1.515202840094153,-0.555559843055736,-0.3648309742631559,-0.24438832163037405,0.8426659366950027,-0.49369174925137116,0.5895461893928903,-0.8890878352939806
50,1,3,5,2,18172,28,3,0.905030584264923,False,False,True,False,False,False,5.304731268736428,0.9487263185964554,-0.9615251294742659,0.3180812736333042,1.529976400320394,-0.9318594682682185,-0.3867189050366869,-0.28958255636636016
29,4,3,2,3,4649,4,3,0.19194262813752372,False,False,False,False,False,False,-1.1344049650907624,-0.9473846385593873,0.20850136209819148,-1.0435244930105436,-0.1895216155384714,0.7842879509363396,-0.37755332663279273,-0.2388896876418783
33,1,3,3,4,13458,15,14,0.6564543345285805,False,False,True,False,True,False,3.060398538604255,1.2079009310968092,0.8219840835286556,-0.5016395889306255,-0.03016251775844234,-1.1880635707244183,-3.429648204091535,0.4840913412206708
55,3,2,4,1,16756,31,7,0.8303627926597764,False,False,False,False,True,False,4.091908829081331,1.0139091657202144,-1.4444791459997544,0.2860149947169205,-0.9901638717402308,0.286397549067659,1.4772563139771462,0.39277466018435814
51,2,2,3,2,12490,16,9,0.6054102510018984,False,False,True,False,False,False,3.2881219067034233,0.47107416698457255,-0.3122504394096558,0.6970505339518699,0.4943618876803922,0.4246071321745626,-0.8924186741885408,-0.8521683719695374
30,1,1,1,3,2613,10,7,0.0845813119595022,False,False,False,False,False,False,-1.2492644514523459,0.1663767825646306,1.3219476441691347,1.2626166773754939,-0.8624373537719077,-0.24220719443593997,-0.5196311482078826,-2.3116370177737657
49,1,2,5,3,18711,23,0,0.9334528580468255,False,False,False,False,False,False,3.9950189293589755,0.7286864097133843,-0.07849011289162966,0.7589120816661986,-0.23064601356811482,-1.4252680962247768,1.3156180827699864,-0.9309060602447281
47,3,4,2,3,5067,20,10,0.21398439147859105,False,False,False,False,False,False,0.7407445294041413,-1.6281526070684373,0.3799372392961746,-0.6947292634179281,0.9247753128259815,-0.1822701498189686,0.43900062056536193,0.4266063162350812
31,3,3,1,2,2501,1,1,0.07867538493988609,False,False,False,False,True,False,-2.229775743789575,0.21239658029996242,-0.8387801360353443,-1.2228524214681988,-0.3647934706479856,-0.2522357992848742,-0.30613897848563837,0.24270434505349464
47,2,3,1,3,2105,7,2,0.05779371440624341,False,True,False,False,True,False,-1.8750578404461917,-0.8012269497335567,-1.0301425878320327,0.655977883872566,-0.31057295969792975,-1.654515908857743,-0.049398955362541824,1.3784979896824445
58,1,3,1,3,2372,2,2,0.07187302256907825,False,False,False,False,False,False,-1.1361150537352407,-0.9780656668231967,0.12132536644944251,0.17831673743188034,0.7977456255674205,-1.831952517949632,1.4986039693882895,-0.7888674560713225
41,2,3,5,3,19545,23,15,0.977430921746467,True,False,True,False,False,True,5.196187576917358,2.831812622149711,2.7550799599878806,1.772943930344535,2.0876825658151748,1.5172472553911984,-1.2589795388919358,2.645470309390255
29,4,2,1,1,3785,5,4,0.1463826197004851,False,False,False,False,True,False,-1.7028560713111673,0.5270904562386098,-1.0677342835251977,-0.688473652218523,-1.1311687918183353,1.3334774961478237,-0.34331130299620866,-0.20127688525501855
50,4,4,1,3,3221,20,8,0.11664205863741826,False,True,False,False,False,False,-0.48102528995403865,-2.754084177420987,-0.5797985907303258,0.40345712459662114,0.760606706173203,0.18084807576956058,0.2578270588528857,1.7084136960933287
32,3,2,1,2,2837,6,2,0.09639316599873445,False,True,False,False,True,False,-2.2825860292983813,-0.16305983846684421,-1.2528746196657687,0.8671038472555692,-1.0642200043713288,0.03894511645119694,-0.832781397956478,0.7046856373951542
44,2,3,5,4,19049,23,7,0.951276102088167,False,False,True,False,False,False,5.263294813220915,0.43254518434053607,0.3237058364994981,-0.24784708456495375,0.4534814987941604,-0.6458439283960046,-1.5198509690014514,0.20627594224682982
38,3,4,1,3,2844,7,6,0.09676228643746045,False,False,False,False,False,False,-1.2187006190667558,-1.507706988925452,0.2980421460945202,-1.0834068359858249,0.9828970134130252,-0.20473273756986055,-0.10462867311987026,0.1293613937016692
45,2,2,1,3,2274,1,0,0.06670533642691415,False,False,False,False,True,False,-1.8658951608842411,0.36411936754490376,-0.3432991279676364,-0.2923765079192177,-1.2716099634064846,-1.3141162228635224,0.6921744038828279,-0.25601935038592144
46,1,3,3,3,10527,28,2,0.5018983336848766,False,False,False,False,False,False,2.034647836990061,-0.22891497600654964,0.07950829412303173,0.3198681024151027,0.6483581983520068,-1.6171962576582704,1.1798246403746535,-0.5324269531922824
34,4,4,1,4,2932,6,0,0.10140265766715882,False,False,False,False,False,False,-1.7473353934401603,-1.6945440146778248,0.21787234109278447,-1.7244980724754841,0.24816551383951843,-0.249675473760953,0.1652656154839151,0.5739661340388125
55,3,3,2,2,6385,17,7,0.2834844969415735,False,False,False,False,False,False,0.8877441469516562,-1.1013555566771775,-0.33919464553218215,-0.006651790345388178,0.48057749468851524,0.1798427728766054,1.4094085710468456,-0.20148336852289547
19,2,4,1,4,2994,1,0,0.10467201012444631,False,False,False,False,True,False,-2.5422622208537873,0.02966207951368893,0.2471695708992166,-1.9534192757089333,0.000614992274082594,-1.781966339050028,-1.5007895243073974,0.7059463360966282
32,1,3,2,4,6162,9,8,0.27172537439358785,False,False,False,False,False,False,-0.1555291222179669,-0.5209743508463692,1.470256837897339,-0.04706841487582778,0.3826501478028243,-1.2533207830103803,-0.958606931625328,-0.8840700416988392
40,3,3,2,3,3975,11,7,0.15640160303733391,False,True,False,False,False,False,-0.7623504692223536,-1.7716799664132512,-0.14319908199782228,0.9854096301045618,0.2681481361654225,0.06596025298645539,-0.6234946571724017,0.6368484844398802
30,3,2,2,2,5209,11,8,0.22147226323560432,False,False,False,False,False,False,-0.33647706460102833,-0.30421672750339285,0.391444478428252,0.21256698493751128,-0.31104096094912326,1.1481604464794617,-0.4840985947958611,-1.2331258497211817
48,4,3,1,3,2259,13,0,0.06591436405821556,False,False,False,False,False,False,-1.0852604545884348,-1.496997372717061,-0.3685707384871605,-0.720959646239484,-0.21621112361369316,0.1273274324272353,1.6049355034758974,0.08627081947346611
45,1,2,4,4,16792,22,8,0.832261126344653,False,False,False,False,False,False,3.5807262789089394,0.25215081536496503,1.1868025596006175,0.8244101222114438,-0.5654240064881664,-1.2004809915847363,0.1464273767708907,-0.9343433327958867
29,2,1,1,4,2720,10,7,0.09022358152288547,False,False,False,False,False,False,-1.2702777021211271,-0.22967183736484326,1.6833304396962943,0.842539890731772,-1.5787142348039263,0.03313360312913603,-0.6141501990943623,-1.8509996978083143
46,4,2,2,1,4615,19,13,0.1901497574351403,False,False,False,False,False,False,0.7310879532787291,-0.8687047973941464,-0.14093655560227825,0.5060617642235115,-0.254557745974646,2.104296440781921,0.5996680044109078,-0.8309525450338211
41,4,3,2,3,5003,8,2,0.21060957603881042,False,False,False,False,True,False,-0.6817132735363295,-0.2425619290731825,-0.6550529185424807,-1.3983408993770792,-1.1301980783822507,-0.1723374672189174,0.40420297637909547,0.9919889301263932
41,2,3,1,2,3140,4,3,0.11237080784644589,False,False,False,True,True,True,-2.505269098989663,3.321476705656648,-0.7222260401880167,-1.3813789447694877,0.6732138226493222,-0.47131170251650956,0.7694589010978646,0.07892274933016614
52,4,4,4,3,13247,24,3,0.6453279898755537,False,False,False,False,False,False,2.894209623908432,-1.2192608962937712,-0.5883625681331284,-1.1298868779453646,0.4992636991201411,-0.08983709725432136,1.4655598901985607,1.0603247952723078
51,1,2,3,1,7484,23,12,0.34143640582155665,False,False,False,False,True,False,1.8565237806922046,0.9208788851669814,-0.4762572552010062,0.900720909774094,-0.2472407659963103,-0.5932315079277586,0.5283962363443792,-0.5398633220133737
36,3,3,1,4,2644,7,2,0.08621598818814595,False,False,False,True,True,False,-2.2620896691153987,1.4862278157220596,0.5308071691398938,-2.933411860640054,-0.4416799548988642,-0.6633269976707972,0.32049982151002715,0.07896662606341272
38,2,3,2,1,6673,17,0,0.2986711664205864,False,False,False,False,False,True,-0.39562556917924907,1.1726798945962673,-1.3913220661769174,0.9606838340988287,1.1687660580243466,-0.05369118926600553,1.0947325073582737,-0.2742484157890136
31,4,3,2,1,5332,10,2,0.22795823665893272,False,False,False,False,True,False,-0.8495679684829167,0.327869032238894,-1.4878469966856482,-1.2699333764048306,-0.34936599536317836,0.8107413216510834,-0.02014998849081009,0.5227968668171513
44,2,3,2,1,5454,9,3,0.23439147859101456,False,False,False,False,False,False,-0.25481456229914173,-0.3816175029776527,-0.7769349125670534,0.033859818245126024,1.2171898242162664,-0.06640200276423884,0.847542419880907,-0.9045262110443396
30,3,3,2,4,5304,10,7,0.22648175490402872,False,False,False,False,False,False,-0.4163872755648193,-0.9883178141272834,1.131470123915108,-0.6626574720912064,-0.26799188231997106,-0.012285291585660805,-0.7588930675238885,-0.3081411007383152
31,4,3,1,2,2302,3,2,0.06818181818181818,False,False,False,True,True,True,-3.11152848667629,3.0230231484379786,-0.914449818582383,-2.130776395144692,0.03242697633197964,0.9546589870624419,0.3460764375285034,0.5174260438088725
27,4,3,1,3,2394,8,2,0.07303311537650285,False,False,False,False,True,True,-2.364727512497334,1.142417951832779,-0.7842617652557909,-0.572261429718821,-1.1066973339239046,0.22384797034522316,-0.3364681239731374,1.3219508620472213
24,4,2,2,3,4377,5,2,0.17759966251845605,False,False,False,False,False,False,-1.343899514941782,-0.48137516413566783,0.3826488766625643,-0.5217291443984594,-1.0239075474954349,1.159201021646608,-0.4782015374038003,-0.8807551731378637
50,3,2,1,3,3690,5,2,0.14137312803206076,False,True,False,False,False,False,-1.4892678981395318,-1.5755360065621058,-0.5267257973737383,1.508647836435464,-0.545172328639843,-0.12227559807093528,0.540611834658947,0.14221692612548284
39,4,2,2,3,5902,17,11,0.25801518666947904,False,False,False,False,False,False,0.5404749125158903,-0.964829645886322,0.7933566402360858,0.09046152317581305,-1.0427957167582205,1.379240114920836,-0.015041387806472866,-0.5764110943558834
30,3,3,2,3,4695,10,4,0.19436827673486606,False,False,False,False,True,False,-0.838789428000252,0.1503506542828251,-0.15358636623943162,-1.1669296271787222,-0.8017585908996547,-0.4415884946081423,-0.5983022118987809,0.5321157801971976
30,4,2,2,4,5126,10,8,0.21709554946213883,False,True,False,False,False,False,-0.8622914720456001,-1.5958282333101976,0.6153151673890328,1.055215535494702,-1.2705483063459453,0.9503602878059759,-1.3964001767952752,0.38270038521470634
59,3,2,5,4,18844,30,2,0.9404661463826197,False,False,False,False,False,False,4.775304568959428,-0.20207854667474207,0.07788724028231181,0.34914228166703737,-1.291698633244952,-0.6532157505274545,2.09408315279363,0.049539191124963154
36,1,4,3,1,11713,10,7,0.5644378823033116,False,False,True,False,False,False,2.262572174962609,0.5077804852221763,-0.8684220270971297,-0.43081112252764325,2.8911471821650685,-0.27630892024383724,-2.1102686268452393,-0.44341123627781054
29,4,2,1,1,2404,3,0,0.07356043028896857,False,False,False,False,True,True,-2.687164633905242,1.884620394809478,-1.7827728607855011,0.15920742788032818,-1.1405313480536023,1.1659719192793312,0.20135569699292497,0.3874180027802144
30,2,2,1,1,2033,1,0,0.05399704703649019,False,False,False,True,False,True,-3.2565361412345704,3.1895745954190864,-0.5249544501899961,-0.39082838042386775,1.1604597750556362,0.9113901504583655,0.7397261387285816,-1.8663382293711779
50,3,3,5,2,19926,21,4,0.9975216199114112,False,False,False,False,True,False,4.210033161813588,0.9336482238147312,-1.2903455095142515,-0.754335207241649,-0.553687912384922,-0.4667026819004364,0.8063756771609244,1.0672288032989898
37,3,2,1,1,3920,17,1,0.15350137101877243,False,False,False,False,False,False,-0.8632230778365766,-0.2686858252144672,-0.8104113393027048,0.33390172149708663,0.05101997873359093,0.8978047684566794,1.0529964656407813,-1.2465736088049628
38,1,2,3,2,12061,19,8,0.5827884412571188,False,False,True,False,False,False,2.917488344343643,0.9679986147753694,-0.027839404445977493,0.8333939373862231,0.8086583600181859,0.00047320043492887255,-1.7005929092096603,-1.314084579942519
41,4,3,2,4,6230,16,3,0.27531111579835477,False,False,False,False,True,False,0.010209282980302476,-0.40980907047055304,-0.13158776980853423,-1.3785473154091563,-1.5523862782465139,-0.509972240538713,0.39219113262904176,1.2558057766016313
29,4,2,1,1,2109,1,0,0.058004640371229696,True,False,False,False,False,False,-2.4594071526724806,0.6398074295029523,1.8277152133459647,0.4331601795027212,1.0074024963163024,2.785393305123082,1.272924715477828,0.8559188107324013
45,4,3,2,4,3697,12,9,0.14174224847078676,False,False,False,False,False,False,-0.035300132286751135,-1.6708449896620825,0.905689747885386,-0.663176115998211,-0.5905412113508123,0.40253430385146893,0.29179659371085304,0.19768169289712428
29,1,3,2,1,5373,6,3,0.2301202278000422,False,False,False,False,False,False,-0.8678857390622765,0.16888528760588792,-0.3538509866459534,0.08428031893052979,1.5566577124232501,-0.35816552667047974,-0.3890071459445722,-1.4570285906167828
42,4,3,4,1,17665,23,6,0.8782957182029107,False,False,False,False,False,False,3.4901870555315235,-0.14445142960033341,-1.052747815675545,-0.3813248230472454,0.4596226423398981,1.4580803986980624,0.6542666431057244,0.01940887168006472
48,4,2,5,4,18265,25,0,0.9099346129508543,False,False,True,False,True,False,4.770860211505718,1.266606107217353,-1.001342880841102,-0.8783589237226133,-1.972763105722656,-0.21077051818625134,-0.4243322929295777,1.3421706795072097
20,4,2,1,4,2926,1,0,0.10108626871967939,False,True,False,False,True,True,-3.4076874270948903,0.8718213283282915,-0.7635420277290659,1.0398814878782734,-2.1650244259709464,0.15758352202817016,-1.5990152580396344,1.7419673600983816
31,3,3,3,2,10648,13,8,0.5082788441257119,False,False,False,False,False,False,1.1504624334624751,-0.3226694661214337,0.10606829256692449,-0.3885218863811839,0.47686516987190025,0.812317877317913,-0.626068997586573,-0.5111932408865182
41,3,1,2,2,6430,10,2,0.2858574140476693,False,False,False,False,False,False,-0.1844881340997157,0.04442976939590357,-0.1402437273254477,0.7690382433046804,-1.167685968957938,0.8581333265998015,0.9468887119105143,-1.6060970907681773
29,1,2,1,1,2335,4,2,0.06992195739295508,False,False,False,False,False,True,-2.3507087535846822,1.6387593125723312,-0.6207673264074127,1.6396542761592228,0.7508839728333606,-0.00026966375052529486,0.023338633403889867,-1.5211788957845873
42,2,3,2,1,5155,9,4,0.2186247627082894,False,False,False,False,True,False,-0.43455427981531364,0.5363451176198428,-1.204824558409007,-0.5030484456129711,0.3055621048824031,-0.571837364646592,0.34097221654210924,0.05833666170362869
36,2,2,2,4,6652,8,3,0.2975638051044084,False,False,False,False,False,False,-0.3090457302387292,-0.33548852877762103,1.0041988554185086,0.15898096841776957,-0.7887249810148032,-0.6919629101821897,-0.008203639749361178,-1.076288346598573
32,1,1,2,2,6735,10,0,0.3019405188778739,False,False,False,False,True,True,-1.0138820951783964,3.0165333734416784,-0.8204270850070862,1.6144511064400895,-1.4496653656629226,-0.8590078643326461,0.2098689134435537,-0.7171888205385538
36,1,3,2,3,5347,10,2,0.2287492090276313,False,False,False,False,False,False,-0.4962463418079465,-0.32096959009121967,0.4161575648155621,-0.027136720273687378,0.7501654243405356,-1.3583651701567185,0.09411064624873572,-0.9616515641168991
42,2,3,1,1,2576,8,2,0.08263024678337903,False,True,False,False,False,False,-1.7885555575438226,-1.238374119477911,-1.396835007661836,1.3750864921734027,1.3888999941151885,-0.16519829796813518,0.11795984166755275,-0.027942186436263783
43,4,3,4,4,16064,22,13,0.7938726007171483,False,False,False,False,False,False,3.6316651899158012,-0.9520916521362277,1.02767090403618,-0.528458089315606,-0.6835869291618483,0.7364302696438765,-0.3119098543678282,0.47643772398219325
36,3,3,2,4,4502,17,7,0.1841910989242776,False,False,False,True,True,False,-0.7382173188255138,1.5139971788896922,0.8700921410660689,-2.676166721732332,-0.48085341646754526,-0.36758359902029525,0.050576539802895566,0.20225732069656865
36,2,3,2,2,5674,11,8,0.2459924066652605,False,True,False,False,False,False,-0.5133814387332976,-1.206674122633006,-0.364049715628719,1.3587008142583392,0.9839825602049518,-0.02189184903999886,-1.0303676506353392,0.12180056304829918
36,2,3,3,4,9738,10,7,0.46029318709133094,True,False,False,False,False,False,0.8277412695022908,0.45317499555657687,3.7383985210972868,0.4101380717248781,1.23951165535908,0.3356891452336459,0.4527742645673969,1.6700922273421874
38,4,3,2,4,4735,19,11,0.19647753638472898,False,False,False,False,False,False,0.4066876963981729,-1.5484753250730972,1.1447819446341467,-0.604399841320605,-0.60935932134637,0.6706656415239703,-0.2236866459202059,0.16614782247464704
33,3,2,1,1,2799,6,2,0.0943893693313647,False,False,False,False,True,False,-1.8069915787634026,0.6838067344034304,-1.1417821235123469,-0.382511955449259,-0.8172678849791398,0.46963287851167534,0.10241130530925363,-0.4342288896426024
45,1,4,2,3,6434,9,2,0.2860683400126556,False,False,False,False,False,False,-0.07714613430522839,-0.8014287666561477,0.0770545709449571,-0.5283372978965623,1.5766767643617168,-1.882224402890495,0.5553996636975648,-0.2429215699340858
27,1,4,2,3,6500,9,7,0.28954861843492935,False,False,False,False,True,False,-0.44725019910347014,0.36014758423878807,0.25135360613431007,-1.1656773839598493,0.6845854205600419,-1.7693278395349854,-1.490993932377828,0.46390702345296325
34,1,2,2,2,4599,16,9,0.1893060535751951,False,False,False,False,True,True,-0.49368564755942074,2.269216264612459,-0.27163742042783706,1.3885384103562373,-0.6009077396480388,-0.6858531241416409,-0.4355480921286618,-0.13519711934777076
29,3,3,1,2,2703,6,4,0.08932714617169372,False,False,False,False,False,False,-1.6986088493047558,-0.7440404950359216,-0.030578835047466505,-0.5549078437492497,0.5457472783733986,0.5845514749609985,-0.3340274984595827,-0.7562911955683165
32,2,3,2,3,5010,12,8,0.21097869647753642,False,False,False,False,True,False,-0.36114948887026166,0.26435437588191935,0.27977360077444874,-0.7120283210160826,-0.4719740663231074,-0.8659752440633106,-0.9035334230506015,0.2597464269322227
44,4,3,4,1,16328,24,6,0.8077937144062435,False,False,True,False,False,False,4.318623672327401,0.27971730281694834,-1.5049524029537835,-0.46263157162710994,1.0031209766247111,1.6940442982527184,-0.7730881219346291,0.23606723436484683
40,2,3,4,3,13237,22,6,0.644800674963088,False,False,False,False,True,False,2.515015573715028,0.7157350855146352,-0.2029467442469923,-0.5927047842587995,-0.5778232257507179,-1.1705612502002085,-0.08711957740504223,0.6654097866053034
55,1,3,4,2,16835,37,9,0.8345285804682556,False,False,False,False,True,False,4.569762072609315,0.8967275156670012,-0.6824327183893165,0.29108152993214076,0.07865848842284164,-1.590729397134617,1.035089399584714,0.5935160316239977
41,1,3,5,3,19419,21,16,0.9707867538493988,False,False,True,False,False,False,5.685750292476124,0.720666372141122,0.7797016670019765,0.33978686745551684,1.2114970256459272,-0.2368712945408497,-2.6861065561982356,-0.3839417088980603
43,1,1,2,3,5346,7,3,0.22869647753638472,False,False,False,False,True,True,-0.8833706755946041,2.481013608389808,-0.23012220285965695,1.6902661301381898,-1.8191929113848362,-1.2895484791897625,0.515965143973907,-0.4506735631968164
38,2,3,2,2,4198,8,2,0.16816072558531953,False,False,False,False,True,False,-0.8916171445540712,0.4407223457337654,-0.7866160822619237,-0.7373458029673734,-0.08696718315550865,-0.9982556151864412,0.1421376084082716,0.16193335728790986
29,2,1,1,2,2760,2,2,0.09233284117274836,False,False,False,True,True,True,-3.098670015039649,4.291032974965317,-0.2412336509022675,-0.3941906602674395,-0.9770455607921278,0.40285017584798793,0.20385338979347936,-1.2781131573353086
45,4,3,3,1,13245,17,0,0.6452225268930606,False,False,True,False,False,False,2.6980159633766285,0.18348609630647958,-1.9383681261102457,-0.6856306062856801,1.031248047830058,1.2930509836344135,-0.2103822144288852,0.14635731564684692
34,1,3,2,2,4325,5,2,0.17485762497363427,False,False,False,False,False,False,-1.002029752767583,-0.13721609359654652,-0.006415275850467533,-0.0034223468905486792,1.1652994267434,-0.9202553501181056,-0.052333573696572655,-1.2285717039897062
38,4,4,1,3,2610,4,2,0.08442311748576249,False,False,False,False,False,False,-1.670305882493464,-1.6545679033066714,-0.16665016787957992,-1.5267374479609988,0.6558144871485032,0.1791227787106572,0.3097221194807975,0.4223885667377771
55,1,3,3,4,10239,24,0,0.48671166420586376,False,False,False,False,False,False,1.9488963585345875,-0.5423713504304382,0.27621433248328225,0.21012787429752802,0.2602059774650508,-2.318239036446183,1.7899205170352497,-0.257722932603975
40,1,2,3,3,10435,18,15,0.497047036490192,False,False,False,False,False,False,2.1129986066304642,-0.03879421606337202,1.4791076963535177,1.0608891849483684,-0.09231883580857565,-0.2702558246662269,-0.7323879506705289,-1.3853860317998206
20,4,3,1,1,2728,2,2,0.09064543345285804,False,False,False,True,True,False,-3.039664180442831,2.1250908227500567,-0.8087544764920306,-3.156310491088174,0.4369926083985076,1.49374113616732,-0.5183922651657168,-0.4243160047776845
33,1,1,1,4,3408,8,3,0.12650284750052732,False,True,False,False,False,True,-2.2029189656073176,0.7060048040777168,0.39283488667504207,3.401818496617778,-1.1271346655997856,-0.9160626033951836,-0.6858050913005675,-0.4947892619540396
31,4,3,1,4,2356,8,4,0.0710293187091331,False,False,False,False,False,False,-1.598083610269899,-1.4097442777452904,0.7729473368936279,-1.0211165844295012,-0.5702257313088486,0.400697051882493,-0.26076606274758934,-0.06478198145051343
40,1,3,3,4,10322,14,10,0.49108837797932925,True,False,False,False,False,False,1.456282126938023,0.5584459819256555,4.041077851633973,0.8906812642176101,1.5566209697397198,-0.2034499055839647,0.44110513486966685,1.457278853849921
50,4,3,4,1,17856,32,2,0.8883674330310062,False,False,False,False,False,False,3.9860352915955723,-0.22805149766793398,-1.5658503597289366,-0.26004784059457936,0.4082091227746769,0.990121446555285,1.8818245892108256,0.25502401893486765
27,4,3,1,4,2580,6,2,0.08284117274836532,False,False,False,False,True,False,-2.027630343588902,-0.34484484095432943,0.1311147027627922,-1.6992061162781629,-1.4872224111430998,-0.2452802706398647,-0.6789782581435971,0.8753363771529237
36,4,3,3,1,8321,15,8,0.3855726639949378,False,False,False,False,False,False,0.9637527662760578,-0.6124273537383599,-0.5973745353275673,-0.4562219606347592,0.5452277420549952,1.6977105792505427,0.05605189734479656,-0.32330766736668265
53,4,4,4,2,16598,35,8,0.822031217042818,False,False,True,False,True,False,5.2017996510457385,0.4069936684035161,-1.773033274613527,-1.3887721401070672,0.4863786659190812,0.2580005838969154,-0.5244456539234317,2.225959967740945
42,2,4,2,1,5538,10,0,0.23882092385572667,False,False,False,False,False,False,-0.43555430963707636,-0.6251678314169139,-1.168293620994054,-0.6619568443572679,2.0318225260358376,-0.5539145548955753,0.92253246517513,-0.3229506592001472
37,3,2,2,4,5163,17,0,0.21904661463826197,False,False,False,False,False,False,-0.28836022190369753,-0.6308943367031474,0.5718145184048813,-0.06543784183136069,-1.1517370543245116,-0.3144395912749075,0.7642323322309915,-0.6733826477100773
43,2,3,4,1,17159,22,1,0.8516135836321451,False,False,True,False,False,False,4.070430104378845,0.9558622859649328,-1.607591098910227,-0.0680171237318797,1.6353347870853812,0.1326755135636507,-0.6081740034207823,-0.3560077731324238
23,4,3,1,3,1223,1,0,0.01128453912676651,False,False,False,False,False,False,-2.651169303684973,-1.0065229695162898,0.13249342197408334,-1.21587722672578,-0.16089871293588082,0.718226655521063,-0.4827645027445398,-0.41595537200488725
52,3,3,1,1,2950,12,4,0.10235182450959714,False,True,False,False,False,False,-1.107430634249785,-1.7251813277632237,-1.576774369415419,1.327616099806653,1.054206952573909,0.36625316671968444,0.8224840290530314,0.45223803213838204
29,1,3,1,4,3760,3,2,0.14506433241932082,False,False,False,False,False,False,-1.7279592827680093,-0.5049749347727105,1.0905535574045848,-0.3117091122812303,0.4062244952823629,-1.5645631220043192,-0.6663229308996541,-1.013082634392379
50,2,2,5,3,18740,29,3,0.9349820712929762,False,False,True,False,False,False,5.45143152647352,0.9109169953648779,-0.45812571639406047,0.522876715261795,-0.021238843116637658,-0.3454317196147345,-0.2797725796989439,-0.37844310263471076
42,2,3,2,3,4907,20,16,0.20554735287913944,False,False,False,False,False,False,0.9395757886720452,-1.081522268292662,1.287542370337177,0.2974923265257613,0.44397972051748114,0.016974316497814557,-0.4933612925632304,-0.5689820835603543
34,2,4,2,3,4404,6,3,0.17902341278211348,False,True,False,False,False,False,-1.350430270024783,-1.6303015811347665,-0.3776258277741934,0.4116058025155053,1.4242337567391474,-1.0100267603925714,-1.009669035966138,0.8105214000617883
32,3,3,1,2,3931,6,3,0.1540814174224847,False,False,False,True,False,False,-2.039496611641001,1.052958931848234,0.2258026628556698,-2.2059342722626263,1.2658922093284994,0.8807713239346658,0.37647191476441366,-1.3274561445211506
56,4,2,2,1,5380,6,0,0.2304893482387682,False,False,False,False,False,False,-0.2596720388942215,-0.6708783106712831,-1.346821417547679,0.08502147854185271,-0.26332098082585986,1.0857237883172588,2.2093908903786774,-0.7189994240772675
27,4,3,1,2,3816,5,2,0.14801729592912888,False,True,False,False,False,False,-2.2103920742571708,-1.5266219679314237,-0.9483814659245586,0.4325334039721063,0.3611067348652836,1.0740821702191816,-0.9880582930908436,0.5133567447195686
40,3,3,1,1,3377,7,3,0.12486817127188356,False,True,False,False,False,False,-1.7156031877064049,-1.4204855367661728,-1.4373488237813863,1.0684234736391116,1.071088123105924,0.5879603684176888,-0.08114913700535392,0.2382339808500658
37,1,3,3,3,10048,17,0,0.47663994937776843,False,False,False,False,False,True,0.5986369064714301,1.3372017212608531,-0.2885735319288805,0.9718933241826841,0.6794189578921204,-1.4178146415872617,0.5987641728531706,-0.1657811738166289
33,2,2,1,3,2008,1,1,0.05267875975532588,False,True,False,False,False,False,-2.5611555502449037,-1.0390791478338341,-0.12225033705861771,1.4985643924979006,-0.1999822124539128,-0.4411271064833773,-0.7226121283343176,-0.4660031552183633
36,3,3,2,3,5237,17,7,0.22294874499050832,False,False,False,False,False,False,0.10213759240969415,-0.9565229831639283,0.502328422600663,-0.3669694799604733,0.0977390247449836,0.2125027593515754,-0.012753344827886046,-0.3243472030630439
39,3,3,1,3,3755,8,3,0.14480067496308796,False,True,False,False,False,False,-1.6110517970096632,-1.7428639659867682,-0.43942408879127764,0.8348824094721669,0.28067459784016546,-0.15641540609299714,-0.3617877067606208,0.5852929496399939
36,1,3,2,4,5079,12,7,0.2146171693735499,True,False,False,False,False,False,-0.2728415717233126,0.36255101493106284,3.955012617703948,0.7679555473670627,1.5869428951609459,-0.32873807969077856,0.5550670707845851,1.293837655050961
36,3,3,2,2,5228,10,7,0.22247416156928917,False,False,False,False,False,False,-0.26145329484187696,-0.7545483657324128,0.038055988401480105,-0.3506279126111782,0.5161326108252136,0.6193234300190995,-0.10464863197258603,-0.5673340157416085
37,3,3,2,2,4197,18,0,0.16810799409407295,False,False,False,False,True,False,-0.5563448946832804,0.23419787357750563,-1.1296053877387437,-0.9532502381225998,-0.454001064582266,-0.5053868662347534,0.6625646763514618,0.5600447908996781
51,4,3,5,2,19847,31,10,0.9933558321029319,False,False,False,False,False,False,5.198762300450723,-0.4297787504076659,-0.45237986083290366,-0.18036476214449187,0.026869006400884014,1.114752532063132,0.9363560484680532,0.43958270479397904
49,1,3,4,2,16413,27,2,0.8122758911622021,False,False,True,False,False,False,4.462187766303863,0.8188399172271792,-0.9931589435988657,0.2875189092888163,1.5518882480199616,-0.975532474950841,-0.32696785336291884,-0.3622608966266756
43,3,2,1,3,2437,6,0,0.07530056950010545,True,False,False,False,False,True,-2.074956979404049,1.5657834349092494,2.2857888081378004,1.7251451007958285,0.5152115714733065,1.1525432870033923,2.2382953458892487,1.7649531558203382
33,4,3,2,2,4302,4,2,0.17364480067496307,False,False,False,False,False,False,-1.1412962232104429,-0.8420942794050722,-0.4335484079059145,-0.9007315861247795,0.1993707334168912,1.010875162759423,0.12908070537677646,-0.3517482704421905
46,4,3,3,3,10845,13,7,0.5186669479012866,False,False,False,False,False,False,1.5815277622903419,-1.0122138831681757,0.10705225949468405,-0.6267364035185059,-0.24887651172643788,0.667322161656996,0.5046501974474549,0.19275073008777527
56,1,3,1,4,2587,5,2,0.08321029318709132,False,True,False,False,True,True,-1.9800935195628635,0.4358635666001033,-0.952695436960166,1.8978022256072082,-0.38324875601406255,-2.768331033091701,0.4675591150495247,1.9732216122682218
32,4,1,2,4,4668,9,7,0.19294452647120863,False,False,False,False,False,False,-0.5287675644699324,-0.5841741576931936,1.3038928440628348,0.2619451491035165,-2.245151437220647,1.2457293815801846,-0.30925784405773477,-1.1584680052091785
30,2,2,2,1,9714,10,8,0.4590276313014132,False,False,False,False,False,True,0.031573175768381305,1.6758042935135733,-0.4354297464005686,1.5632384871332388,0.3882268140966738,1.0216055904702217,-0.4497408929790982,-1.0504101867663864
27,1,3,2,4,4227,4,2,0.16968993883147016,False,False,False,False,False,False,-1.269537750621008,-0.3564430757483823,1.1114632118991894,-0.3420255331404519,0.38571404795808867,-1.5272611652773076,-0.801903029698378,-0.9965200877715941
42,3,3,3,1,13348,18,7,0.6506538704914575,False,False,True,False,False,False,3.1126319982219206,0.31750709151632567,-1.1619258354621336,-0.22596962414576965,1.3785976283639438,1.177156421536352,-1.1940113456137293,-0.2317835599543668
20,4,2,1,1,2600,1,0,0.08389580257329678,False,False,False,False,True,True,-3.0321085694568928,2.0826888615781907,-1.6217606184714943,0.011384463914174294,-1.130925055671388,1.3742419012613216,-0.49689156326481493,0.23776182716744595
50,4,3,1,2,3875,4,2,0.15112845391267665,False,False,False,True,False,False,-1.6703211953475021,0.47588780511766554,-0.30760127648572366,-2.315667453463014,0.9401883538076503,1.057132884495109,1.780952412392544,-0.7760500265328534
19,2,2,1,4,1102,1,0,0.00490402868593124,False,True,False,False,True,True,-3.7289879041108596,1.2832551812960398,-0.4178305655137788,1.6158161302126985,-1.5120272449947185,-1.1019138349989976,-1.8076992017103173,1.100149992567089
31,1,3,1,3,3067,3,2,0.10852140898544611,False,False,False,True,False,False,-2.391917090764359,1.3686139980610068,0.9821634106515634,-1.8219968218509077,1.5298305151406744,-0.8102356445467241,0.03931275061252467,-1.8058590518102857
29,3,3,1,4,2157,3,1,0.06053575195106517,True,False,False,True,False,False,-2.8427552267716605,1.7277855213124442,3.777109279767178,-1.8259695045315034,1.706863998479263,1.1468301807264671,1.1094556995919849,1.0307564297317733
42,4,3,1,3,3968,8,0,0.1560324825986079,False,True,False,False,True,False,-1.802615097600783,-1.04422142959033,-1.4434554412635707,-0.040474962295664295,-0.9730559273054303,-0.39489085409810104,-0.033184495974903055,1.9552390074491193
36,2,2,2,3,5673,10,9,0.24593967517401394,True,False,False,False,False,False,-0.17014728770849125,0.6457917505280188,3.6462284632415214,1.2183354542411557,0.8401213679463816,1.1638188021416769,0.6006693756740507,0.8162424220858265
42,3,3,4,1,13758,22,9,0.6722737819025523,False,False,False,False,True,True,2.4191210882498377,2.069245033620102,-1.5514349263665153,0.43850413226257295,-0.11184646910464194,0.4784969545247774,0.22418547760953303,1.2398029657854313
46,3,3,4,1,17048,28,15,0.8457603881037756,False,False,False,False,False,False,4.3152231594496,-0.25045759203063434,-0.23737682046837963,0.28689426175743854,0.8002080561329228,1.2983567805826788,0.0996308989740822,-0.23886039907065443
39,2,2,4,4,12031,21,9,0.5812064965197216,False,False,False,False,False,False,2.5353055809160407,-0.1344370624288771,1.303708000175769,0.4928939122764408,-0.8635545209300433,-0.3929573246694579,-0.18516610457678248,-0.8059779030681575
30,4,3,1,3,2693,1,0,0.08879983125922801,False,True,False,False,False,False,-2.631462715505838,-1.7619382931499845,-0.634914911444107,0.24812305530004738,-0.02229879945189362,0.5012861906518952,-0.778131743274954,0.687852122539916
36,1,2,2,4,5810,10,4,0.25316388947479435,False,True,False,False,True,False,-0.8651714158133532,0.06043607103736212,0.0679740465690632,1.3490061614728404,-1.2373936825741296,-1.9577454340466554,-1.1427428734704594,0.6074735509499618
41,2,1,1,4,2778,10,7,0.09328200801518667,False,True,False,False,False,True,-1.7439704495262318,0.16585307272075447,0.43826973595871854,3.3602653586296714,-1.4428694294939048,-0.20937537883085733,-0.3559150879513398,-0.09098569828811019
22,2,2,1,3,2814,4,2,0.09518034170006327,False,False,False,False,False,False,-2.0864946879707382,-0.12068563032208068,0.7476188398061633,0.04148219323146599,-0.3518065654486998,-0.06634995291980868,-0.7821242581621111,-1.5729895019718212
21,1,2,1,2,2174,3,2,0.06143218730225691,True,False,False,True,True,True,-3.5259477873844007,5.30844153783202,2.5131875852316323,-0.0497374466069242,1.3934889078177544,0.7002495328332617,0.49168781911041354,0.9839354721726605
41,2,4,1,3,3376,10,6,0.12481543978063699,True,False,False,False,False,False,-1.0002792524490496,-0.303255692107945,3.0071090182619615,0.02832957412287854,2.5093732176119925,0.18199422253431063,1.1008961287268422,2.008450397907487
45,2,1,3,1,10851,24,7,0.5189833368487661,False,False,False,False,False,False,2.1325877426980693,0.5314206494067111,-0.27433573829644065,1.529685946958113,-0.5149210464939548,0.8146425351940924,1.0293925879563819,-1.821602867419049
29,1,3,2,4,8853,6,4,0.4136258173381143,False,False,False,False,False,False,-0.15934372519501372,-0.21504413308081138,1.1605352174738977,-0.254385415962963,0.3702343593192011,-1.419747854513337,-0.9276182792895483,-0.8943384967598723
51,3,3,1,4,2723,1,0,0.09038177599662518,False,False,False,False,False,False,-1.4881533789003305,-1.4309443811308153,0.2710161722944189,-0.6818978652993666,-0.2447505800369575,-0.913122601148651,1.240582651143139,-0.10968226301649085
34,3,2,2,4,5747,16,10,0.24984180552626029,False,False,False,False,False,False,0.2738020337365986,-0.7812002884891822,1.4488019524751505,0.15692540712057848,-1.1104587618401165,0.4099093111468159,-0.5002120889232139,-0.7831661983856913
40,4,3,1,1,2018,15,4,0.053206074667791606,False,True,False,False,True,True,-2.0330491318119717,0.4581071771616433,-2.482080638248423,1.3684952656894644,-0.19584821809329375,0.7335014548476496,0.07526705515447368,2.1982883541204417
42,1,3,3,1,13191,20,0,0.6423750263657456,False,False,True,False,False,False,2.800408931815021,0.9584357072233305,-1.4499217001554512,0.1881139389871069,1.9914922564392945,-0.5564883681194072,-0.6123162396032806,-0.770575959040771
39,4,4,3,3,8237,11,6,0.3811432187302257,False,False,False,False,False,False,0.7333586001344826,-1.3318589798377487,0.024097932962164833,-1.3619457774843944,0.5949133378648916,0.4147114382203767,0.009444681992280593,0.6198764485827861
40,2,3,1,2,2387,7,2,0.07266399493777685,False,True,False,False,False,False,-1.9260575276564151,-1.3837469715078539,-0.8593159494307656,1.2190381876247887,1.0008879866327884,-0.501209558362266,-0.1622078181823973,0.10321560374500917
45,1,3,3,2,7441,10,8,0.339168951697954,True,False,False,False,False,False,0.7566575144032237,0.7306120397886806,2.8612933671112124,1.0905359281426095,2.3571503323083145,0.31662214085967344,1.1835060133491209,1.1165726116648735
40,3,3,1,3,2001,20,3,0.052309639316599876,False,False,False,False,False,False,-0.8279519581275677,-1.2029175666503773,0.1411140266388829,-0.3509739523744223,0.09676011545946821,-0.16050321415450336,0.8594063303987891,-0.2853767923012112
34,2,3,3,1,9950,11,2,0.4714722632356043,False,False,False,False,False,True,0.2701654005531428,1.4798934408580493,-1.1834240285939135,0.8457803021139413,1.172793496666468,0.19979487836534088,0.33436349175311525,-0.3296862275288154
32,3,3,3,4,11159,10,7,0.5352246361527104,False,False,True,False,True,False,1.909428576018581,0.8127739328439059,0.01751518352396231,-1.350119520411204,-0.6777290272519233,-0.34789115872274984,-2.6934766725976518,1.0329957819941635
50,4,2,3,1,13269,19,11,0.6464880826829783,False,False,True,False,False,False,3.623456354752584,0.166974231931709,-0.9497568486789116,0.3151590230505734,0.23522550821675617,2.22462066850522,-0.7946289341997361,-0.4108198107389623
37,1,3,1,4,2793,13,8,0.09407298038388524,False,False,False,True,False,False,-1.3807531515893714,0.8748673903905417,1.8321464766520013,-1.5478015638551605,1.1226263439076278,-0.9722616290365885,0.04531327691242056,-1.4870506321271066
29,3,3,3,4,7553,9,7,0.34507487871757014,False,False,False,False,True,True,-0.22970312724947647,1.4794904408709395,0.15169114550729376,-0.27633144932270076,-1.2103393607959059,-0.4979457304040914,-1.0403541495963653,1.3340901933729012
31,1,3,3,1,9637,9,2,0.45496730647542716,False,False,False,False,False,False,0.4341679453452303,0.4492133303520957,-0.5542080183377257,0.08831227100616504,1.5111663812589413,-0.45815207749437825,-0.18482521375069225,-1.3014078553685036
38,4,2,1,3,3702,5,4,0.14200590592701962,False,True,False,False,False,False,-1.7568551617169679,-1.6242280814871952,-0.30366296252707026,1.116734168736224,-0.8568371553459102,0.909986295526188,-0.41284351928366403,0.25347968788779157
27,4,3,2,3,9981,7,7,0.4731069394642481,False,False,False,False,True,False,0.02428790481113847,0.1761000240068498,-0.07324211474768993,-1.481872892852709,-1.1190569992867867,0.49870709955602616,-1.2488886049267582,0.8145087387440834
41,3,3,1,1,2238,7,0,0.06480700274203754,False,True,False,False,False,False,-2.068592265723994,-1.4258217493397543,-1.6855113804604394,1.0035374705318612,1.0629417684027844,0.3634704438086631,0.3222167808365295,0.2559857196472221
40,3,2,5,3,19626,21,7,0.9817021725374393,False,False,True,False,True,False,4.994278004137793,1.7617225549379718,-0.6319802499388621,-0.44575235576644273,-1.216807551635914,0.19234642352888226,-1.8268652862002268,0.6852717095884626
30,3,3,2,1,4115,8,3,0.16378401181185404,False,False,False,False,False,False,-0.996648541252981,-0.40713900650195023,-0.6594631883543168,-0.4477016029098308,0.9065645900992192,0.8752717776292384,-0.03850248919290801,-0.8390406197415367
30,3,3,2,3,3491,10,7,0.1308795612739928,False,True,False,False,False,False,-1.209408076878199,-1.5916155467117479,0.04142140300816612,0.8421371105583886,0.27669716240511943,0.28879565032034754,-1.3443613110565447,0.47276439790322117
34,2,3,1,2,2008,1,0,0.05267875975532588,False,True,False,False,False,False,-2.6028642851976906,-1.2136013848931424,-0.889118431993793,1.0004870984956316,1.0182129251253276,-0.47956608722760596,-0.5504152712658177,-0.03741045885572962
40,4,3,2,1,4639,5,4,0.191415313225058,False,False,False,False,False,False,-0.7020525271300957,-0.8387230442037493,-0.8936421124438896,-0.6239323503048138,0.5929502828371824,1.3667168274719332,0.5558365072091765,-0.419958478080666
29,4,3,1,2,2297,2,2,0.06791816072558532,False,False,False,True,False,False,-2.7044960251657524,0.8249054042666359,0.08858547574155046,-2.612312731702873,0.9596312047611292,1.5212495913120176,0.2851568590706694,-1.127598817491248
46,4,3,5,2,19081,25,2,0.9529635098080573,False,False,True,False,False,False,5.0780174156029245,0.38310356183229216,-1.4258404908654934,-0.6797865749077809,0.5653763285285635,1.0136233401288997,-0.3999339110107319,0.5427830092675955
41,3,3,3,3,8189,12,7,0.37861210715039023,False,False,False,False,False,False,0.9191025607281484,-0.8018823331844859,0.3896997451575796,-0.4035072832713449,0.08850356692589977,0.13025134737608143,0.10060617501941402,-0.2291164021523202
39,1,1,2,3,5736,10,2,0.249261759122548,False,False,False,False,False,False,-0.3260195339166074,0.35464018971380046,0.7003182876595859,1.2097960326067492,-0.9110182494326793,-0.7548563676588665,0.5226413315717003,-2.0733725555626927
29,4,3,1,2,3291,8,5,0.12033326302467832,False,False,False,False,False,False,-1.4503408799384743,-0.9872979624015522,-0.11555257268761171,-0.791327712905968,0.21707534524863356,1.2815698418439685,-0.2978698625061111,-0.43384498275587835
52,4,3,4,4,16555,31,2,0.8197637629192154,False,False,False,False,False,False,3.791285480619955,-0.8696590919902372,-0.08850436044641746,-0.5908285941538856,-0.7633259834949111,-0.20728856888635794,1.6835748362399334,0.7757943293823287
37,3,3,1,3,2996,8,4,0.10477747310693945,False,False,False,False,False,False,-1.288490418515723,-1.0761895985456857,0.31345062144968333,-0.5390695106865712,0.14192673474910109,0.018802175154626816,0.16585460552236345,-0.441186255757441
44,3,3,1,4,3195,8,2,0.11527103986500738,False,False,False,False,False,False,-1.1473520297634874,-1.3375874739764928,0.5191071033012733,-0.6203028734221557,-0.26170096931764886,-0.6485117486798481,0.7402854126073422,-0.1492453322110228
45,1,3,2,1,4286,5,1,0.17280109681501793,False,False,False,False,False,True,-1.1328137680342847,1.1668666241620458,-1.1879583924933281,1.210806191300471,1.545097140616498,-0.7530185104228785,1.102612105779776,-0.6313696142670305
47,2,3,2,3,2976,5,0,0.10372284328200802,False,False,False,True,True,False,-1.6872043428151162,1.8462072558976428,-0.16885530796267842,-2.484558923851936,0.25338009142725904,-1.2881958159153601,1.2382261362102336,-0.20582747944521643
37,4,3,1,1,3034,18,7,0.10678126977430923,False,True,False,False,False,False,-1.0922823214609805,-1.7539415769106887,-1.2468085547906609,1.0096408958612726,0.7253595292655036,1.5100676265579955,-0.26759355671818297,0.5736206917637968
41,2,3,2,4,5993,8,4,0.2628137523729171,False,False,False,False,True,True,-0.7359308564384774,1.3889548984680145,-0.12360765499202812,0.09710713940331421,-0.8777908407561728,-1.5948082983034135,0.0376198274340435,1.1678695496769618
57,4,3,2,3,6755,15,2,0.3029951487028053,False,False,False,False,False,False,0.6052298703328691,-1.4157760427829424,-0.4398745208338252,-0.5567222165003737,-0.249585143697984,0.07171382589068616,1.963952228235692,0.3191454492031593
18,3,3,1,3,1904,0,0,0.04719468466568234,False,True,False,False,True,True,-3.6975654945273804,0.9266727862372235,-1.2252283753922812,0.8110708376104147,-0.6116472782846626,-0.3871879294188796,-1.8346381537053515,1.7949330420796072
32,3,3,2,4,6667,9,1,0.29835477747310696,False,False,False,False,False,False,-0.5219069244154413,-0.8090505123213744,0.5817078503706828,-0.8248639765724751,-0.29266632688489225,-0.4351732435428729,-0.07941540869872166,-0.23093261135075877
33,1,3,3,1,8564,11,0,0.3983864163678549,False,False,False,False,True,True,-0.23537129969436005,2.6375722667816244,-1.7105707159843313,0.5337216125776556,0.5761710061930855,-1.1650031032278994,0.13616712977401876,0.3510584932758584
32,4,3,1,4,2314,4,0,0.06881459607677705,False,True,False,False,False,False,-2.477063000276005,-2.0108967399879534,-0.18116690429024096,0.20278159606211763,-0.42554358848443496,0.061352438944654177,-0.653227595226776,0.9150064327523014
39,1,2,1,1,3646,11,0,0.13905294241721156,False,True,False,False,True,True,-2.1578287290236635,1.757770727532675,-2.184705657116268,2.6481576568828036,-0.06126962792571879,-1.0522561200366807,0.07911924519238728,0.7099159161286319
58,3,2,3,1,10008,31,9,0.4745306897279056,False,False,False,False,False,True,2.440709661524207,0.8778787710494773,-1.0849280453605128,1.95187182570487,-0.0337958772332318,1.0219784816185982,2.1162831290358493,-0.10135672261970817
31,2,3,2,4,6582,10,5,0.29387260071714827,False,False,False,False,True,False,-0.3836540816624031,0.26560190526488464,0.5274739705593127,-0.9617068982374652,-0.8740689674663772,-1.4049935062507528,-0.8877080224621642,0.4398492428097394
39,3,3,1,1,3904,6,2,0.15265766715882723,False,False,False,False,True,True,-1.8232391018435243,1.5855393249617151,-1.8477432652040506,0.07208860387022646,0.0007915637529022096,0.10357513685598245,0.5450696697254487,0.8531211828762364
27,3,3,3,1,7412,9,7,0.33763973845180345,False,False,False,False,False,False,0.17719399941013103,-0.19099315868893263,-0.33426794910493374,-0.39365451939872237,0.8924781047627897,1.2126366883347681,-0.7236111360784065,-0.8226355820698086
44,3,3,1,3,2936,6,4,0.10161358363214511,False,False,False,False,True,True,-1.7034885083708182,1.0277256322288992,-0.7614373763204325,-0.03442531056205884,-0.7758232579658054,-0.6490577950360008,0.4919679048035927,1.2467155777645715
45,4,3,1,4,2270,8,3,0.06649441046192786,False,True,False,False,False,False,-1.6996250307806728,-2.361615854812891,-0.17346286378719444,0.5147004421332694,-0.43267209365789083,-0.046657273190307526,0.07940871108743336,1.126437062642351
40,3,2,4,2,13503,22,3,0.6588272516346763,False,False,False,False,False,False,2.4837684263084965,0.18018488930665108,-0.3803103616467034,0.28843871753057765,-0.43298104487745315,0.6009005858431338,0.8033172260143279,-0.7679296412771407
47,3,3,3,2,11957,14,8,0.5773043661674753,False,False,True,False,False,False,2.8860355783388996,-0.045065618062666235,-0.6296695783805878,-0.2990727795204754,1.006985699889529,0.7533786891335945,-1.1384140025171836,-0.050817707603050474
34,4,3,1,2,2311,9,2,0.06865640160303733,False,False,False,False,True,False,-1.7248123175692904,-0.1510393309759562,-0.989829831035991,-1.3301710879739954,-0.713692093389094,0.35255262488029937,0.13956740038506127,0.6579699838302285
44,4,3,2,4,4541,20,11,0.18624762708289389,False,False,False,False,True,False,0.484111964509847,-0.7652888617756084,0.4897845283363141,-1.0503230916030017,-1.5314793225745607,-0.08053743842471214,-0.03928660530641162,1.264657922661945
36,1,4,2,1,4639,17,7,0.191415313225058,False,False,False,False,False,False,0.009669360265274837,-0.5018658054834426,-0.35088095291432586,-0.15090760027809044,2.36167588911188,-0.6299918780535991,-0.06811061861069956,-0.6998131889730015
27,1,1,1,3,4621,3,2,0.19046614638261972,False,True,False,False,False,False,-2.097288330367704,-0.21475078332069597,0.3345742455649183,2.3529483768753843,-0.7161508940699168,-0.534560444837645,-1.2367118508759185,-1.3851196345568038
24,1,3,1,2,3202,6,3,0.11564016030373338,True,False,False,True,True,True,-3.041472976335506,4.908279311076161,2.3437137305624374,-0.5443655675166891,2.211511694276374,0.3607384805389668,0.54945358522696,1.646853857923016
39,3,3,3,3,10938,20,6,0.5235709765872179,True,False,False,False,True,False,1.4287174236743856,1.299863876641242,2.344617611918853,-0.15490495091457693,0.3468414648455118,0.5817729346094366,0.9637745576714881,2.9674696576974857
36,4,2,1,3,3388,2,0,0.12544821767559589,False,False,False,False,False,True,-2.2027438317882453,0.5212820234572456,-0.3734155636600409,0.5391688572962262,-1.0111977344854763,0.8674458954198846,0.6817012148125758,-0.16195289461006931
50,3,3,3,4,9208,16,2,0.43234549673064754,False,False,False,False,True,False,1.165923339114068,-0.08419804957664723,-0.2691477865690597,-1.029056140193959,-1.261734836299924,-1.3984989834402048,0.9415873641060976,1.165829471259222
41,4,3,4,2,16015,22,10,0.7912887576460662,False,False,False,False,True,False,3.2386020567072733,0.43489922457507607,-0.7273626519391942,-0.9453839401606704,-0.825605287787619,0.7378513238992409,-0.19238527374476022,1.1219450882388315
31,4,3,2,3,6179,10,2,0.2726218097447796,False,False,False,False,False,True,-0.9522331681068611,0.41940494179621135,-0.3738935308518026,0.014048783184758709,-0.22664525910564304,0.758012996989983,0.16400845149762136,0.480938274445458
39,3,2,5,4,19272,21,9,0.9630352246361527,False,False,False,False,False,False,4.198405037211169,0.081929088558196,1.037142226199984,0.15082206486937708,-1.2267721086680585,0.2806395793185908,-0.29760553022812014,-0.37320399625821116
44,2,3,1,4,2436,6,3,0.07524783800885888,False,False,False,False,True,False,-1.4303385440288392,-0.23452172989207318,0.22266908531752033,-0.8672537656564172,-0.8418852350321323,-1.8295943612818648,0.2341884112941691,0.5160475350695651
33,4,2,2,2,4320,5,3,0.17459396751740142,False,False,False,False,True,False,-1.1480589407457238,0.4065693744239742,-0.7343795052818457,-0.798912413007494,-1.5470520524161955,0.7933910061704376,-0.10173176165094533,0.07430121283668241
33,3,3,2,3,7104,6,0,0.3213984391478591,False,False,False,False,False,False,-0.6330404772308214,-0.5931881233254633,-0.007712726778818296,-0.7682959158314672,0.10553374809423065,-0.12665407267281453,0.10620307179960031,-0.4066883527039579
37,3,2,2,4,5731,9,2,0.24899810166631514,False,False,False,False,False,False,-0.4702497340393928,-0.624145170022948,0.7644035221683116,-0.12688556609344392,-1.1168315954513295,-0.1532356307328408,0.31088999430148423,-0.7576789473374868
37,3,3,1,1,3452,17,4,0.12882303311537652,False,True,False,False,False,False,-1.2304906019566673,-1.4136185595239068,-1.348295369225604,1.1995553130631442,1.0393634076797431,0.6857511900718356,-0.09959296167284479,0.28817930594394287
27,3,3,1,1,3041,5,3,0.10715039021303523,False,False,False,True,False,True,-2.808866923549569,2.614833784582841,-0.578792163105331,-1.1840802525291187,1.6612989719782538,1.4670564047409644,0.2970325510046637,-0.9943018653825971
29,3,2,1,2,2546,6,2,0.08104830204598186,True,False,False,False,False,True,-2.3780820983751445,1.9840676524767984,2.195967986539662,1.7128780486157986,0.9201461061437065,1.9774534744374466,1.1625992916356667,1.3742907904325647
44,1,2,3,4,10248,24,6,0.48718624762708296,False,False,False,False,False,False,1.9740024417067383,-0.10852357142496016,1.1348853066048026,0.8326848168534615,-0.5424791639130847,-1.3493068207272219,0.5240484610413122,-1.03866981251298
23,1,4,1,1,2819,5,2,0.09544399915629613,False,False,False,False,False,False,-2.011421520830907,-0.25903796596228673,-0.45765166952567743,-0.6077411697234643,2.412304556621085,-0.6294877464174159,-0.7739105307880101,-1.0339103901270257
43,4,4,1,4,2089,7,4,0.05695001054629825,False,False,False,False,False,False,-1.3280232003801695,-2.020079308940278,0.4036288512848537,-1.4761599153456284,0.2597579672761819,-0.19830420155409118,0.4481376551205129,0.678922076828833
29,2,3,1,3,3339,10,7,0.12286437460451381,True,True,False,False,False,True,-2.171169685812349,0.9048344728060947,2.4315505671438338,2.8588409192963513,1.8279022059217256,0.8716159864682043,-0.3155624469053923,2.8265583803089833
27,4,2,1,1,4774,8,6,0.19853406454334532,False,False,False,False,False,False,-1.1920377462225074,-0.3579945645796005,-0.34615238155832917,-0.08095133655961356,-0.2198165933420161,2.116994950884103,-0.35065234986712934,-1.2026055206560218
46,3,3,3,2,7314,14,7,0.33247205230963933,False,False,False,False,False,True,0.6138648653590968,0.5492781802222646,-0.600959931833226,0.7925590647664149,0.46964282801651774,0.48389367748016204,0.8137463675146825,0.28136022833571256
32,3,3,1,3,3038,8,4,0.10699219573929551,False,False,False,False,True,False,-1.5604130230983486,-0.055875101758146695,-0.15112596325100644,-1.144989007075153,-0.773688255459252,-0.4828470770762002,-0.4603586728363772,0.48872633853609454
37,1,3,3,2,7642,10,0,0.3497679814385151,False,False,False,False,True,False,0.07813186704863627,1.0095818219116965,-0.8510188072519298,-0.520850765237169,0.19434158326360843,-1.7334284357877365,0.1346649283481426,-0.04241924656077458
30,3,3,2,1,3072,12,9,0.10878506644167897,False,True,False,False,False,False,-1.0806679349792285,-1.3098991543806904,-0.785939473892175,1.1614480998852097,1.064394042236999,1.1749314053535758,-1.245942184759263,0.12744558897465427
38,4,2,2,4,4028,8,7,0.15919637207340226,False,False,False,False,True,False,-0.6358283073939891,-0.17531037104768396,0.4938432853320453,-0.810089030164824,-2.329081403054335,0.16473767607377227,-0.2858615762743585,0.4945342728718261
33,4,3,2,4,5505,6,2,0.23708078464458976,False,False,False,False,False,False,-0.8077884864330411,-1.1456453778899642,0.5295618405689799,-1.1109410463079676,-0.5977301150168286,0.24594566178128477,-0.07369942822660147,0.03168699430713703
43,4,3,2,3,5679,10,7,0.24625606412149337,False,True,False,False,False,False,-0.43305322002543795,-1.9838871943181802,-0.3673149736270197,0.7120412160147557,-0.05816059837533355,0.6484800372909353,-0.39389511970625335,0.9958647575224738
32,2,3,2,2,6220,10,4,0.27478380088588905,False,False,False,False,False,False,-0.37061291971359067,-0.3074794696581621,-0.008017209225557157,-0.20182229112370498,0.8259368505251123,-0.1159075642645948,-0.20419909191015698,-0.8935959629373732
31,2,3,1,3,3477,6,2,0.1301413203965408,False,True,False,False,False,False,-2.0519559954062663,-1.322460712021094,-0.2213989888342451,0.9646538243428635,0.6109786457714672,-0.6735849948515329,-0.9696930345004199,0.14942642559670313
52,4,3,2,3,3149,9,2,0.11284539126766506,False,True,False,False,False,False,-0.9573695192817792,-2.1696724658990716,-0.8929076850988125,0.6890874544703358,-0.0684542053199146,0.11075245545926689,0.7822422969942197,1.1145443024840065
44,4,4,4,4,13320,23,11,0.6491773887365535,False,False,False,False,False,False,3.0984956536088477,-1.4254757078962887,0.7125395092026839,-1.1428780959327145,0.14323979515389548,0.2296626207557169,-0.05054955256264343,1.0556833116198643
29,1,2,1,4,2532,8,3,0.08031006116852986,False,True,False,False,False,False,-2.0913802454845576,-0.9404439552647005,0.7185723338732407,1.7728978999954192,-0.2877091736029682,-1.2608701154695272,-1.2214314032652847,-0.5880152737671386
33,3,3,1,4,2436,8,4,0.07524783800885888,False,True,False,False,False,True,-2.360017985445771,-0.5691354695646974,-0.15025588989012192,1.6551130704795707,-0.10781150741032752,-0.25447047685693563,-0.8010059547326058,1.2476641402565167
31,2,1,2,3,4559,4,2,0.18719679392533223,False,False,False,False,False,True,-1.5011552808671529,1.5571073975235419,0.3201176791548006,1.7157488582795664,-1.2117591811058046,0.1660245097335483,0.07057290024359092,-1.364353255982654
37,2,3,3,4,12185,10,8,0.5893271461716938,False,False,True,False,False,False,2.4503022846634517,0.06518961026230594,0.6978520174808138,-0.43162540096699437,0.5615425592509302,-0.40974003072693566,-2.2903075872923067,-0.18876793109125845
38,4,3,1,3,3306,7,0,0.12112423539337693,False,True,False,False,False,False,-1.9710564115082005,-1.9115996958326802,-0.8093436312341369,0.43598738272412557,-0.04877501383095234,0.30650780917975695,-0.053760154538473326,0.8740402902920704
33,4,3,1,2,2756,8,7,0.09212191520776207,False,False,False,False,False,False,-1.3017093214931976,-1.144152747563238,-0.010020822643457609,-0.6803134759843003,0.2252285754347884,1.3193921027993338,-0.2033853475614302,-0.3953135861376627
